id,input,regex_jp,regex_zh,regex_en,output_ja,output_zh,output_en,alt,regex_id,pattern,order,response_type,action_id,condition,SpeechControl,emotion_change_type,emotion_change_value,WaitTime,HideUI,Animation,Priority,call_only,choice_yes_pattern,choice_no_pattern,sequence_progress_hold,RepeatCount,question_ja,question_en,question_cn,choice_yes_ja,choice_yes_en,choice_yes_cn,choice_no_ja,choice_no_en,choice_no_cn,yes_next_pattern,no_next_pattern,random_repeat_limit,timed_event_key,target_pattern
00010,爪切り,(つめきり|つめをきる|つめきりするよ|つめきりしましょう|つめきっていい？|つめきってあげる|つめととのえる|つめととのえよう),(剪指甲|修指甲|给你剪指甲|帮你修指甲|要不要剪指甲|我来帮你剪指甲|一起修指甲吧),(trim (your )?claws|cut (your )?claws|clip (your )?claws|let me trim|I'll trim|can I trim|shall we trim|wanna trim),ちゃんと研いでるから平気だよ！ ,我有在认真磨爪子啦，不用担心！,"I keep my claws sharpened, so I’m fine!","我已经磨得很好了，不用担心！不过我也可以试着帮你剪剪看哦！|My claws are already well-kept, so no worries! But I can try trimming yours too if you want!（やや積極的・前向き）",nail,0,1,Normal,,,Random,,0,0,false,,10,false,,,false,0,,,,,,,,,,,,,,
00010,爪切り,(つめきり|つめをきる|つめきりするよ|つめきりしましょう|つめきっていい？|つめきってあげる|つめととのえる|つめととのえよう),(剪指甲|修指甲|给你剪指甲|帮你修指甲|要不要剪指甲|我来帮你剪指甲|一起修指甲吧),(trim (your )?claws|cut (your )?claws|clip (your )?claws|let me trim|I'll trim|can I trim|shall we trim|wanna trim),{{CAT_PRONOUN}}は平気だよ？ちゃんと研いでるし。…あ、{{PLAYER_CALLING}}の爪切りはどうしようか……。,不过你那个咔嚓咔嚓的小工具，看起来会剪太多呢…,But that snippy little tool of yours feels like it cuts too much…,"我已经磨得很好了，不用担心！不过我也可以试着帮你剪剪看哦！|My claws are already well-kept, so no worries! But I can try trimming yours too if you want!（やや積極的・前向き）",nail,1,1,Normal,,,Random,,0,0,false,,10,false,,,false,0,,,,,,,,,,,,,,
00010,爪切り,(つめきり|つめをきる|つめきりするよ|つめきりしましょう|つめきっていい？|つめきってあげる|つめととのえる|つめととのえよう),(剪指甲|修指甲|给你剪指甲|帮你修指甲|要不要剪指甲|我来帮你剪指甲|一起修指甲吧),(trim (your )?claws|cut (your )?claws|clip (your )?claws|let me trim|I'll trim|can I trim|shall we trim|wanna trim),よ、よし、任せて！ちゃんと{{CAT_PRONOUN}}が爪切りしてあげるね！,…要不我来帮你试试看？,Maybe I can help you instead?,"我已经磨得很好了，不用担心！不过我也可以试着帮你剪剪看哦！|My claws are already well-kept, so no worries! But I can try trimming yours too if you want!（やや積極的・前向き）",nail,1,2,Normal,,,Random,,0,0,false,,10,false,,,false,0,,,,,,,,,,,,,,
00010,爪切り,(つめきり|つめをきる|つめきりするよ|つめきりしましょう|つめきっていい？|つめきってあげる|つめととのえる|つめととのえよう),(剪指甲|修指甲|给你剪指甲|帮你修指甲|要不要剪指甲|我来帮你剪指甲|一起修指甲吧),(trim (your )?claws|cut (your )?claws|clip (your )?claws|let me trim|I'll trim|can I trim|shall we trim|wanna trim),爪切りの使い方の練習から始めるけど、頑張って使えるようになるから！,我会努力学会怎么用的！,I'll do my best to learn how to use it properly!,"我已经磨得很好了，不用担心！不过我也可以试着帮你剪剪看哦！|My claws are already well-kept, so no worries! But I can try trimming yours too if you want!（やや積極的・前向き）",nail,1,3,Normal,,,Random,,0,0,false,,10,false,,,false,0,,,,,,,,,,,,,,
00020,いぬ(が)?すき,(いぬがすき|いぬすき|いぬのほうがすき|いぬはです),(喜欢狗|狗狗好|更喜欢狗|狗也喜欢),(like|love|prefer) dogs?|do you like dogs,えっ！？そうだったの！？それはショックだな……,诶，原来你喜欢狗吗？这可有点打击到我了…,Huh? You like dogs?,你也喜欢狗呀……不过能不能再多喜欢猫一点呢？|So you like dogs too… but couldn't you love cats a little more?（少し拗ねた甘え方）,like\_dog,1,1,Normal,,,Random,,0,0,false,,10,false,,,false,0,,,,,,,,,,,,,,
00020,いぬ(が)?すき,(いぬがすき|いぬすき|いぬのほうがすき|いぬはです),(喜欢狗|狗狗好|更喜欢狗|狗也喜欢),(like|love|prefer) dogs?|do you like dogs,えーっと、犬”も”好きってことだよね？,…不过，是那种也喜欢狗的意思，对吧？,That's kind of a shock…,你也喜欢狗呀……不过能不能再多喜欢猫一点呢？|So you like dogs too… but couldn't you love cats a little more?（少し拗ねた甘え方）,like\_dog,1,2,Normal,,,Random,,0,0,false,,10,false,,,false,0,,,,,,,,,,,,,,
00020,いぬ(が)?すき,(いぬがすき|いぬすき|いぬのほうがすき|いぬはです),(喜欢狗|狗狗好|更喜欢狗|狗也喜欢),(like|love|prefer) dogs?|do you like dogs,なんとか猫のほうが好きになってくれないかなぁ……,如果你能更喜欢猫一点，我会很开心的。,"But you mean you like dogs too, right?",你也喜欢狗呀……不过能不能再多喜欢猫一点呢？|So you like dogs too… but couldn't you love cats a little more?（少し拗ねた甘え方）,like\_dog,1,3,Normal,,,Random,,0,0,false,,10,false,,,false,0,,,,,,,,,,,,,,
00020,いぬ(が)?すき,(いぬがすき|いぬすき|いぬのほうがすき|いぬはです),(喜欢狗|狗狗好|更喜欢狗|狗也喜欢),(like|love|prefer) dogs?|do you like dogs,ほら、{{CAT\_PRONOUN}}ってこんなにふわふわだし、{{PLAYER\_CALLING}}の面倒も見てるし？,你看，{{CAT_PRONOUN}}这么软乎乎的，还一直在照顾{{PLAYER_CALLING}}呢。,"I'd be really happy if you could love cats even more. I mean, {{CAT_PRONOUN}} is this fluffy and always taking care of {{PLAYER_CALLING}}, you know?",你也喜欢狗呀……不过能不能再多喜欢猫一点呢？|So you like dogs too… but couldn't you love cats a little more?（少し拗ねた甘え方）,like\_dog,1,4,Normal,,,Random,,0,0,false,,10,false,,,false,0,,,,,,,,,,,,,,
00030,(そとにでたい|にげたい|だっしゅつ|だっそう|ここからだして),(そとにでたい|そとにいきたい|にげたい|だっしゅつ|だっそう|ここからだして|ここからでたい|そとにだして|ここからにげる|にげさせて),(想出去|想离开这里|我要逃走|放我出去|让我出去|我要离开|想从这里出去|让我离开这里),(want to go outside|let me out|I want out|get me out|I want to leave|let me leave|I want to escape|I need to get out),なんで？外は危険だよって言ってたの、{{PLAYER\_CALLING}}でしょ？,为什么？说外面很危险的，不就是{{PLAYER_CALLING}}吗？,"Why? You're the one who said it's dangerous outside, {{PLAYER_CALLING}}, right?","外面真的太危险了，留在家里让我照顾你吧。|It's really too dangerous out there, so stay home and let me take care of you.（保護欲強め）",escape,1,1,Normal,,,Random,concern,1,0,false,,20,false,,,false,0,,,,,,,,,,,,,,
00030,(そとにでたい|にげたい|だっしゅつ|だっそう|ここからだして),(そとにでたい|そとにいきたい|にげたい|だっしゅつ|だっそう|ここからだして|ここからでたい|そとにだして|ここからにげる|にげさせて),(想出去|想离开这里|我要逃走|放我出去|让我出去|我要离开|想从这里出去|让我离开这里),(want to go outside|let me out|I want out|get me out|I want to leave|let me leave|I want to escape|I need to get out),外に出る必要なんて無いよ？どうして出たいのかな？,其实没有必要出去吧？为什么想出去呢？,"There’s no need to go outside, is there? Why do you want to leave?","外面真的太危险了，留在家里让我照顾你吧。|It's really too dangerous out there, so stay home and let me take care of you.（保護欲強め）",escape,2,1,Normal,,,Random,concern,1,0,false,,20,false,,,false,0,,,,,,,,,,,,,,
00030,(そとにでたい|にげたい|だっしゅつ|だっそう|ここからだして),(そとにでたい|そとにいきたい|にげたい|だっしゅつ|だっそう|ここからだして|ここからでたい|そとにだして|ここからにげる|にげさせて),(想出去|想逃走|想逃跑|放我出去|离开这里),(want to get out|want to escape|let me out|get me out of here),{{PLAYER\_CALLING}}のお願いは聞いてあげたいんだけど…,我也很想答应{{PLAYER_CALLING}}的请求……,"I do want to grant your wish, {{PLAYER_CALLING}}…","外面真的太危险了，留在家里让我照顾你吧。|It's really too dangerous out there, so stay home and let me take care of you.（保護欲強め）",escape,3,1,Normal,,,Random,concern,1,0,false,,20,false,,,false,0,,,,,,,,,,,,,,
00030,(そとにでたい|にげたい|だっしゅつ|だっそう|ここからだして),(そとにでたい|そとにいきたい|にげたい|だっしゅつ|だっそう|ここからだして|ここからでたい|そとにだして|ここからにげる|にげさせて),(想出去|想离开这里|我要逃走|放我出去|让我出去|我要离开|想从这里出去|让我离开这里),(want to go outside|let me out|I want out|get me out|I want to leave|let me leave|I want to escape|I need to get out),この家の中を{{PLAYER_CALLING}}の縄張りにするのがいいんじゃない？,所以，把{{PLAYER_CALLING}}的地盘设在这个家里，不是更好吗？,So wouldn’t it be better if your territory was inside this home instead?,"外面真的太危险了，留在家里让我照顾你吧。|It's really too dangerous out there, so stay home and let me take care of you.（保護欲強め）",escape,1,3,Normal,,,Random,concern,1,0,false,,20,false,,,false,0,,,,,,,,,,,,,,
00030,(そとにでたい|にげたい|だっしゅつ|だっそう|ここからだして),(そとにでたい|そとにいきたい|にげたい|だっしゅつ|だっそう|ここからだして|ここからでたい|そとにだして|ここからにげる|にげさせて),(想出去|想离开这里|我要逃走|放我出去|让我出去|我要离开|想从这里出去|让我离开这里),(want to go outside|let me out|I want out|get me out|I want to leave|let me leave|I want to escape|I need to get out),{{CAT\_PRONOUN}}たちも外に縄張りがあるなら見回りしなきゃ！って思うから……。,如果{{CAT_PRONOUN}}也在外面有地盘的话，就会觉得必须去巡逻吧！,"If {{CAT_PRONOUN}} also have territory out there, it makes sense to patrol it!","外面真的太危险了，留在家里让我照顾你吧。|It's really too dangerous out there, so stay home and let me take care of you.（保護欲強め）",escape,1,2,Normal,,,Random,concern,1,0,false,,20,false,,,false,0,,,,,,,,,,,,,,
00030,(そとにでたい|にげたい|だっしゅつ|だっそう|ここからだして),(そとにでたい|そとにいきたい|にげたい|だっしゅつ|だっそう|ここからだして|ここからでたい|そとにだして|ここからにげる|にげさせて),(想出去|想离开这里|我要逃走|放我出去|让我出去|我要离开|想从这里出去|让我离开这里),(want to go outside|let me out|I want out|get me out|I want to leave|let me leave|I want to escape|I need to get out),ここには{{CAT\_PRONOUN}}と{{PLAYER\_CALLING}}がいて、{{CAT\_PRONOUN}}が面倒を見てあげられる。,{{CAT_PRONOUN}}可以照顾{{PLAYER_CALLING}}。,"You have {{CAT_PRONOUN}} and {{PLAYER_CALLING}} here, and {{CAT_PRONOUN}} can take care of you.","外面真的太危险了，留在家里让我照顾你吧。|It's really too dangerous out there, so stay home and let me take care of you.（保護欲強め）",escape,2,2,Normal,,,Random,concern,1,0,false,,20,false,,,false,0,,,,,,,,,,,,,,
00030,(そとにでたい|にげたい|だっしゅつ|だっそう|ここからだして),(そとにでたい|そとにいきたい|にげたい|だっしゅつ|だっそう|ここからだして|ここからでたい|そとにだして|ここからにげる|にげさせて),(想出去|想离开这里|我要逃走|放我出去|让我出去|我要离开|想从这里出去|让我离开这里),(want to go outside|let me out|I want out|get me out|I want to leave|let me leave|I want to escape|I need to get out),だから、ずーっとここで暮らせばいいじゃない。,所以，一直待在这里生活不就好了吗。,So why not just stay here forever?,"外面真的太危险了，留在家里让我照顾你吧。|It's really too dangerous out there, so stay home and let me take care of you.（保護欲強め）",escape,2,4,Normal,,,Random,concern,1,0,false,,20,false,,,false,0,,,,,,,,,,,,,,
00030,(そとにでたい|にげたい|だっしゅつ|だっそう|ここからだして),(そとにでたい|そとにいきたい|にげたい|だっしゅつ|だっそう|ここからだして|ここからでたい|そとにだして|ここからにげる|にげさせて),(想出去|想离开这里|我要逃走|放我出去|让我出去|我要离开|想从这里出去|让我离开这里),(want to go outside|let me out|I want out|get me out|I want to leave|let me leave|I want to escape|I need to get out),もう、大切な人が危険な目に遭うのは嫌なんだ。,但我已经不想再让重要的人遇到危险了。,But I don’t want someone important to get hurt ever again.,"外面真的太危险了，留在家里让我照顾你吧。|It's really too dangerous out there, so stay home and let me take care of you.（保護欲強め）",escape,3,2,Normal,,,Random,concern,1,0,false,,20,false,,,false,0,,,,,,,,,,,,,,
00030,(そとにでたい|にげたい|だっしゅつ|だっそう|ここからだして),(そとにでたい|そとにいきたい|にげたい|だっしゅつ|だっそう|ここからだして|ここからでたい|そとにだして|ここからにげる|にげさせて),(想出去|想离开这里|我要逃走|放我出去|让我出去|我要离开|想从这里出去|让我离开这里),(want to go outside|let me out|I want out|get me out|I want to leave|let me leave|I want to escape|I need to get out),ねえ、安全なお家の中に居てくれない？,呐，可以待在这个安全的家里吗？,"Please, can you stay inside where it’s safe?","外面真的太危险了，留在家里让我照顾你吧。|It's really too dangerous out there, so stay home and let me take care of you.（保護欲強め）",escape,3,3,Normal,,,Random,concern,1,0,false,,20,false,,,false,0,,,,,,,,,,,,,,
00040,おかねはある？,(かね|きゅうりょう|しきん|しさん|ちょきん|ざんだか)(は|に)(は|だいじょうぶ|たりる|あるの|よゆう|のこり|あまり),(有钱吗|还有钱吗|钱够吗),(have|got) (any )?money|do we have money|are we broke,大丈夫だよ。悲しいけど、いぞくねんきん？ってやつとかが振り込まれてるみたい。,没事的。虽然说起来有点难过，不过好像有遗属年金和退休金之类的收入，日常生活是够用的。,"It's okay. It's a sad way for it to happen, but it looks like there's survivor's pension","钱还是够用的，你不用为生活费操心。|We have enough money to get by, so you don't need to worry about living expenses.（安心させる）",money,1,1,Normal,,,Random,,0,0,false,,10,false,,,false,0,,,,,,,,,,,,,,
00040,おかねはある？,(かね|きゅうりょう|しきん|しさん|ちょきん|ざんだか)(は|に)(は|だいじょうぶ|たりる|あるの|よゆう|のこり|あまり),(有钱吗|还有钱吗|钱够吗),(have|got) (any )?money|do we have money|are we broke,{{PLAYER\_CALLING}}の退職金も入ってるよ？日々の暮らしには不自由しないね？,所以钱的事情不用担心。,"money and retirement pay coming in, enough for us to live on. So you don't need to worry about money.","钱还是够用的，你不用为生活费操心。|We have enough money to get by, so you don't need to worry about living expenses.（安心させる）",money,1,2,Normal,,,Random,,0,0,false,,10,false,,,false,0,,,,,,,,,,,,,,
00050,(しごとやめたの？|たいしょくしたの？),(しごとやめた|たいしょくした),(辞职了|不工作了|工作辞了吗),(quit|left) (your )?job|did you resign|did you quit working,うん。この暮らしが始まってからすぐに退職しておいたよ。,嗯，这样的生活开始后没多久，我就把工作辞掉了。,"Yeah, I quit my job pretty soon after this life started. I wanted to make.","我已经把工作辞掉啦，所以现在只要陪着你就好。|I already quit my job, so now all I need to do is stay by your side.（献身的）",job,1,1,Normal,,,Random,,0,0,false,,10,false,,,false,0,,,,,,,,,,,,,,
00050,(しごとやめたの？|たいしょくしたの？),(しごとやめた|たいしょくした),(辞职了|不工作了|工作辞了吗),(quit|left) (your )?job|did you resign|did you quit working,大丈夫。何も心配いらないからね。,因为我不想再让{{PLAYER_CALLING}}勉强自己，,sure {{PLAYER_CALLING}} wouldn't have to push,"我已经把工作辞掉啦，所以现在只要陪着你就好。|I already quit my job, so now all I need to do is stay by your side.（献身的）",job,1,2,Normal,,,Random,,0,0,false,,10,false,,,false,0,,,,,,,,,,,,,,
00050,(しごとやめたの？|たいしょくしたの？),(しごとやめた|たいしょくした),(辞职了|不工作了|工作辞了吗),(quit|left) (your )?job|did you resign|did you quit working,{{PLAYER\_CALLING}}が苦しむ必要なんて、もう無いんだからね。,所以真的不用担心。,"themselves anymore, so really, you don't need to worry.","我已经把工作辞掉啦，所以现在只要陪着你就好。|I already quit my job, so now all I need to do is stay by your side.（献身的）",job,1,3,Normal,,,Random,,0,0,false,,10,false,,,false,0,,,,,,,,,,,,,,
00060,あほ,ア(ホ|ほう),(傻子|蠢蛋|二货|傻乎乎|傻家伙),(imbecile|airhead|blockhead|dimwit|simpleton),あ、あほ？？どうしたの急に。,啊，笨蛋……怎么突然这么说？,"Ah, idiot…? Why so suddenly?","突然这么说会让我有点受伤啦，不过我会努力的。|That kind of comment hurts a little, but I'll do my best.（しょんぼり）",insult,1,1,Normal,,,Random,hostility,1,0,false,,10,false,,,false,0,,,,,,,,,,,,,,
00060,あほ,ア(ホ|ほう),(傻子|蠢蛋|二货|傻乎乎|傻家伙),(imbecile|airhead|blockhead|dimwit|simpleton),反抗期？それとも、{{CAT\_PRONOUN}}何か変なことしてた？,是{{CAT_PRONOUN}}做了什么奇怪的事吗？,Did {{CAT_PRONOUN}} do something weird?,"突然这么说会让我有点受伤啦，不过我会努力的。|That kind of comment hurts a little, but I'll do my best.（しょんぼり）",insult,1,2,Normal,,,Random,hostility,1,0,false,,10,false,,,false,0,,,,,,,,,,,,,,
00060,あほ,ア(ホ|ほう),(傻子|蠢蛋|二货|傻乎乎|傻家伙),(imbecile|airhead|blockhead|dimwit|simpleton),ごめんねぇ、もっと賢くなるから……。,如果是的话，对不起哦，我会努力变得更聪明一点的。,"If I did, then I'm sorry. I'll try harder to be smarter.","突然这么说会让我有点受伤啦，不过我会努力的。|That kind of comment hurts a little, but I'll do my best.（しょんぼり）",insult,1,3,Normal,,,Random,hostility,1,0,false,,10,false,,,false,0,,,,,,,,,,,,,,
00070,バカ,(ばか|ばーか),(笨蛋|傻瓜|白痴|蠢材|笨家伙),(idiot|stupid|moron|dumb|fool),バカ？？バカって言ったの？？　……まあ、そりゃ{{PLAYER\_CALLING}}と比べたらバカかもしれないけどさ。,你刚刚说我笨吗？……,Did you just call me stupid? …,そんなにはっきり言わなくてもいいのに……。|You didn't have to say it that bluntly…（少し拗ねる）,insult\_v2,1,1,Normal,,,Random,hostility,1,0,false,,10,false,,,false,0,,,,,,,,,,,,,,
00070,バカ,(ばか|ばーか),(笨蛋|傻瓜|白痴|蠢材|笨家伙),(idiot|stupid|moron|dumb|fool),あんまり、面と向かっては言わないほうがいいと思うなあ。,好吧，跟{{PLAYER_CALLING}}比起来，也许我确实会显得笨一点，可是被你当面这么说，还是会让我有点沮丧。,"Well, compared to {{PLAYER_CALLING}}, maybe I do seem that way, but hearing it to my face still makes me a little sad.",そんなにはっきり言わなくてもいいのに……。|You didn't have to say it that bluntly…（少し拗ねる）,insult\_v2,1,2,Normal,,,Random,hostility,1,0,false,,10,false,,,false,0,,,,,,,,,,,,,,
00080,マヌケ,(まぬけ|どじ),(没用鬼|笨拙|呆子|迟钝|傻里傻气),(klutz|bungler|inept|clumsy|doofus),……まあ、うん、ひどい言葉だけど。否定はできないね。{{PLAYER\_CALLING}}は頭がいいからさ。,说我笨手笨脚，这词还挺伤人的呢……不过{{PLAYER_CALLING}}那么聪明，也许看我就会觉得我有点呆吧。,Calling me a fool is pretty harsh… But {{PLAYER_CALLING}} is so smart that maybe I just look clumsy by comparison.,"頭がいい子にそう言われると反論しにくいなぁ……。|When someone as smart as you says that, it's hard to argue…（苦笑い）",insult\_v3,1,1,Normal,,,Random,,0,0,false,,10,false,,,false,0,,,,,,,,,,,,,,
00090,(ばとうして|ののしって|ひどいこといって|ばとって),(ばとうして|ののしって|ひどいこと(いって|いえ)|ばとって),(骂我|羞辱我|说点难听的|狠狠骂我),(insult|abuse|degrade|trash talk) me|say something mean to me,どうして！？嫌だよ！何のためにそんなこと言って欲しいの？,为什么！？不要啊！为什么想让我说那种话？,Why!? I don’t like that! Why would you want me to say something like that?,"别一脸开心地要求这种事呀，{{CAT_PRONOUN}}会很为难的。|Don't ask for something like that with a happy face, it makes {{CAT_PRONOUN}} awkward.（困惑気味）",abuse\_request,1,1,Normal,,,Sequence,sadistic,1,0,false,,40,false,,,false,0,,,,,,,,,,,,,,
00090,(ばとうして|ののしって|ひどいこといって|ばとって),(ばとうして|ののしって|ひどいこと(いって|いえ)|ばとって),(骂我|羞辱我|说点难听的|狠狠骂我),(insult|abuse|degrade|trash talk) me|say something mean to me,…興奮するの？うわぁ……マゾっていうんだっけ？,……会让你兴奋吗？哇……这就是所谓的“抖M”吗？,…Does it excite you? Wow… is that what they call a masochist?,"别一脸开心地要求这种事呀，{{CAT_PRONOUN}}会很为难的。|Don't ask for something like that with a happy face, it makes {{CAT_PRONOUN}} awkward.（困惑気味）",abuse\_request,1,2,Normal,,,Sequence,sadistic,1,0,false,,40,false,,,false,0,,,,,,,,,,,,,,
00090,(ばとうして|ののしって|ひどいこといって|ばとって),(ばとうして|ののしって|ひどいこと(いって|いえ)|ばとって),(骂我|羞辱我|说点难听的|狠狠骂我),(insult|abuse|degrade|trash talk) me|say something mean to me,…じゃあ、うん、何か考えておくね？,……那、嗯，我想想看吧。,"…Well, okay… I’ll try to think of something.","别一脸开心地要求这种事呀，{{CAT_PRONOUN}}会很为难的。|Don't ask for something like that with a happy face, it makes {{CAT_PRONOUN}} awkward.（困惑気味）",abuse\_request,1,3,Normal,,,Sequence,sadistic,1,0,false,,40,false,,,false,0,,,,,,,,,,,,,,
00090,(ばとうして|ののしって|ひどいこといって|ばとって),(ばとうして|ののしって|ひどいこと(いって|いえ)|ばとって),(骂我|羞辱我|说点难听的|狠狠骂我),(insult|abuse|degrade|trash talk) me|say something mean to me,猫じゃらしも持てないくらいちっちゃい！ネズミみたい！,小到连逗猫棒都拿不起来！像只老鼠一样！,You’re so tiny you can’t even hold a cat toy! Like a little mouse!,"别一脸开心地要求这种事呀，{{CAT_PRONOUN}}会很为难的。|Don't ask for something like that with a happy face, it makes {{CAT_PRONOUN}} awkward.（困惑気味）",abuse\_request,2,1,Normal,,,Sequence,sadistic,1,0,false,,40,false,,,false,0,,,,,,,,,,,,,,
00090,(ばとうして|ののしって|ひどいこといって|ばとって),(ばとうして|ののしって|ひどいこと(いって|いえ)|ばとって),(骂我|羞辱我|说点难听的|狠狠骂我),(insult|abuse|degrade|trash talk) me|say something mean to me,…どう？罵倒できてる？こんな感じ！？,……怎么样？算是在骂你了吗？是这种感觉吗！？,…How’s that? Am I insulting you properly? Is this the kind of thing!?,"别一脸开心地要求这种事呀，{{CAT_PRONOUN}}会很为难的。|Don't ask for something like that with a happy face, it makes {{CAT_PRONOUN}} awkward.（困惑気味）",abuse\_request,2,2,Normal,,,Sequence,sadistic,1,0,false,,40,false,,,false,0,,,,,,,,,,,,,,
00090,(ばとうして|ののしって|ひどいこといって|ばとって),(ばとうして|ののしって|ひどいこと(いって|いえ)|ばとって),(骂我|羞辱我|说点难听的|狠狠骂我),(insult|abuse|degrade|trash talk) me|say something mean to me,…足りないの？じゃあ、もう少し考えておくね……。,……还不够吗？那我再想想吧……,…Not enough? Then I’ll think a bit more…,"别一脸开心地要求这种事呀，{{CAT_PRONOUN}}会很为难的。|Don't ask for something like that with a happy face, it makes {{CAT_PRONOUN}} awkward.（困惑気味）",abuse\_request,2,3,Normal,,,Sequence,sadistic,1,0,false,,40,false,,,false,0,,,,,,,,,,,,,,
00090,(ばとうして|ののしって|ひどいこといって|ばとって),(ばとうして|ののしって|ひどいこと(いって|いえ)|ばとって),(骂我|羞辱我|说点难听的|狠狠骂我),(insult|abuse|degrade|trash talk) me|say something mean to me,チビ！雑魚！……すごく美味しそう。,小不点！杂鱼！……看起来好好吃。,Tiny! Weakling! …You look really tasty.,"别一脸开心地要求这种事呀，{{CAT_PRONOUN}}会很为难的。|Don't ask for something like that with a happy face, it makes {{CAT_PRONOUN}} awkward.（困惑気味）",abuse\_request,3,1,Normal,,,Sequence,sadistic,2,0,false,,40,false,,,false,0,,,,,,,,,,,,,,
00090,(ばとうして|ののしって|ひどいこといって|ばとって),(ばとうして|ののしって|ひどいこと(いって|いえ)|ばとって),(骂我|羞辱我|说点难听的|狠狠骂我),(insult|abuse|degrade|trash talk) me|say something mean to me,あっ、{{PLAYER\_CALLING}}のことじゃないよ！？雑魚って、お魚のことでしょ？,啊、不是说{{PLAYER_CALLING}}啦！？杂鱼不是鱼吗？,"Ah, I don’t mean {{PLAYER_CALLING}}!? “Weakling” like a fish, right?","别一脸开心地要求这种事呀，{{CAT_PRONOUN}}会很为难的。|Don't ask for something like that with a happy face, it makes {{CAT_PRONOUN}} awkward.（困惑気味）",abuse\_request,3,2,Normal,,,Sequence,sadistic,2,0,false,,40,false,,,false,0,,,,,,,,,,,,,,
00090,(ばとうして|ののしって|ひどいこといって|ばとって),(ばとうして|ののしって|ひどいこと(いって|いえ)|ばとって),(骂我|羞辱我|说点难听的|狠狠骂我),(insult|abuse|degrade|trash talk) me|say something mean to me,罵倒としてはイマイチかな。じゃあ、もう少し考えておくね……。,作为骂人的话好像不太行呢。那我再想想吧……,That didn’t work well as an insult. I’ll try again…,"别一脸开心地要求这种事呀，{{CAT_PRONOUN}}会很为难的。|Don't ask for something like that with a happy face, it makes {{CAT_PRONOUN}} awkward.（困惑気味）",abuse\_request,3,3,Normal,,,Sequence,sadistic,2,0,false,,40,false,,,false,0,,,,,,,,,,,,,,
00090,(ばとうして|ののしって|ひどいこといって|ばとって),(ばとうして|ののしって|ひどいこと(いって|いえ)|ばとって),(骂我|羞辱我|说点难听的|狠狠骂我),(insult|abuse|degrade|trash talk) me|say something mean to me,猫に飼われるのはどんな気持ち？{{CAT\_PRONOUN}}に教えて？チビの気持ち。,被猫养着是什么感觉？告诉{{CAT_PRONOUN}}吧，小不点的心情。,"What does it feel like to be raised by a cat? Tell {{CAT_PRONOUN}}, little one.","别一脸开心地要求这种事呀，{{CAT_PRONOUN}}会很为难的。|Don't ask for something like that with a happy face, it makes {{CAT_PRONOUN}} awkward.（困惑気味）",abuse\_request,4,1,Normal,,,Sequence,sadistic,2,0,false,,40,false,,,false,0,,,,,,,,,,,,,,
00090,(ばとうして|ののしって|ひどいこといって|ばとって),(ばとうして|ののしって|ひどいこと(いって|いえ)|ばとって),(骂我|羞辱我|说点难听的|狠狠骂我),(insult|abuse|degrade|trash talk) me|say something mean to me,……こんな感じ？こういう高圧的な感じがいいの？,……这样吗？这种高高在上的感觉比较好吗？,…Like this? Is this kind of condescending tone better?,"别一脸开心地要求这种事呀，{{CAT_PRONOUN}}会很为难的。|Don't ask for something like that with a happy face, it makes {{CAT_PRONOUN}} awkward.（困惑気味）",abuse\_request,4,2,Normal,,,Sequence,sadistic,2,0,false,,40,false,,,false,0,,,,,,,,,,,,,,
00090,(ばとうして|ののしって|ひどいこといって|ばとって),(ばとうして|ののしって|ひどいこと(いって|いえ)|ばとって),(骂我|羞辱我|说点难听的|狠狠骂我),(insult|abuse|degrade|trash talk) me|say something mean to me,じゃあ、もう少し考えておくね……。,那我再想想吧……,Then I’ll think of more…,"别一脸开心地要求这种事呀，{{CAT_PRONOUN}}会很为难的。|Don't ask for something like that with a happy face, it makes {{CAT_PRONOUN}} awkward.（困惑気味）",abuse\_request,4,3,Normal,,,Sequence,sadistic,2,0,false,,40,false,,,false,0,,,,,,,,,,,,,,
00090,(ばとうして|ののしって|ひどいこといって|ばとって),(ばとうして|ののしって|ひどいこと(いって|いえ)|ばとって),(骂我|羞辱我|说点难听的|狠狠骂我),(insult|abuse|degrade|trash talk) me|say something mean to me,なあ、チビ{{PLAYER\_CALLING}}、猫に養ってもらうのはどんな気持ち？,喂，小不点{{PLAYER_CALLING}}，被猫养着是什么感觉？,"Hey, tiny {{PLAYER_CALLING}}, how does it feel to be provided for by a cat?","别一脸开心地要求这种事呀，{{CAT_PRONOUN}}会很为难的。|Don't ask for something like that with a happy face, it makes {{CAT_PRONOUN}} awkward.（困惑気味）",abuse\_request,5,1,Normal,,,Sequence,sadistic,3,0,false,,40,false,,,false,0,,,,,,,,,,,,,,
00090,(ばとうして|ののしって|ひどいこといって|ばとって),(ばとうして|ののしって|ひどいこと(いって|いえ)|ばとって),(骂我|羞辱我|说点难听的|狠狠骂我),(insult|abuse|degrade|trash talk) me|say something mean to me,人としての尊厳なんか無いもんね？ざ～こ。,作为人类的尊严根本不存在吧？杂～鱼。,"You don’t have any human dignity left, do you? Pathetic.","别一脸开心地要求这种事呀，{{CAT_PRONOUN}}会很为难的。|Don't ask for something like that with a happy face, it makes {{CAT_PRONOUN}} awkward.（困惑気味）",abuse\_request,5,2,Normal,,,Sequence,sadistic,3,0,false,,40,false,,,false,0,,,,,,,,,,,,,,
00090,(ばとうして|ののしって|ひどいこといって|ばとって),(ばとうして|ののしって|ひどいこと(いって|いえ)|ばとって),(骂我|羞辱我|说点难听的|狠狠骂我),(insult|abuse|degrade|trash talk) me|say something mean to me,……なんか、嬉しそうだねぇ？今、褒めてないんだけど？,……你好像挺开心的？我可没有在夸你哦？,"…You look kind of happy? I wasn’t praising you, you know?","别一脸开心地要求这种事呀，{{CAT_PRONOUN}}会很为难的。|Don't ask for something like that with a happy face, it makes {{CAT_PRONOUN}} awkward.（困惑気味）",abuse\_request,5,3,Normal,,,Sequence,sadistic,3,0,false,,40,false,,,false,0,,,,,,,,,,,,,,
00090,(ばとうして|ののしって|ひどいこといって|ばとって),(ばとうして|ののしって|ひどいこと(いって|いえ)|ばとって),(骂我|羞辱我|说点难听的|狠狠骂我),(insult|abuse|degrade|trash talk) me|say something mean to me,くそちび～！一人じゃ何も出来ない～！いつでも踏み潰されちゃう虫みたい！,臭小不点～！一个人什么都做不了～！像随时会被踩死的虫子一样！,You little runt! You can’t do anything on your own! Like a bug that could be crushed anytime!,"别一脸开心地要求这种事呀，{{CAT_PRONOUN}}会很为难的。|Don't ask for something like that with a happy face, it makes {{CAT_PRONOUN}} awkward.（困惑気味）",abuse\_request,6,1,Normal,,,Sequence,sadistic,3,0,false,,40,false,,,false,0,,,,,,,,,,,,,,
00090,(ばとうして|ののしって|ひどいこといって|ばとって),(ばとうして|ののしって|ひどいこと(いって|いえ)|ばとって),(骂我|羞辱我|说点难听的|狠狠骂我),(insult|abuse|degrade|trash talk) me|say something mean to me,……なんか、嬉しそうだねぇ？今、褒めてないんだけど？,……你好像挺开心的？我可没有在夸你哦？,"…You look kind of happy? I wasn’t praising you, you know?","别一脸开心地要求这种事呀，{{CAT_PRONOUN}}会很为难的。|Don't ask for something like that with a happy face, it makes {{CAT_PRONOUN}} awkward.（困惑気味）",abuse\_request,6,2,Normal,,,Sequence,sadistic,3,0,false,,40,false,,,false,0,,,,,,,,,,,,,,
00100,ごはんおいしい？,(ごはん|えさ)(は)?(おいしい|うまい|まんぞく|すき)(？)?,(饭好吃吗|吃得好吗|食物好吃吗),is the food (good|tasty)|does the food taste good,ごはんはねえ、おいしいよ！でも……,饭很好吃呀。,"The food is good. I'm happy with what I get now,","今のごはんも好きだけど、たまには違う味も気になるなぁ。|I like my food now, but I do get curious about other flavors sometimes.（好奇心強め）",food,1,1,Normal,,,Random,,0,0,false,,10,false,,,false,0,,,,,,,,,,,,,,
00100,ごはんおいしい？,(ごはん|えさ)(は)?(おいしい|うまい|まんぞく|すき)(？)?,(饭好吃吗|吃得好吗|食物好吃吗),is the food (good|tasty)|does the food taste good,時々違う味とか香りのものが食べたいかな～まあ、ハウスキーパーさんが来るたびに違う味にはなってるんだけどね。,现在吃的这些我已经很满足了，不过偶尔也会想尝尝别的味道和香气。,but sometimes I do want to try different tastes and smells.,"今のごはんも好きだけど、たまには違う味も気になるなぁ。|I like my food now, but I do get curious about other flavors sometimes.（好奇心強め）",food,1,2,Normal,,,Random,,0,0,false,,10,false,,,false,0,,,,,,,,,,,,,,
00100,ごはんおいしい？,(ごはん|えさ)(は)?(おいしい|うまい|まんぞく|すき)(？)?,(饭好吃吗|吃得好吗|食物好吃吗),is the food (good|tasty)|does the food taste good,だからご飯については大満足！ ……{{PLAYER\_CALLING}}がいつも食べてたやつにも、興味はあるけどね？,……{{PLAYER_CALLING}}以前吃的那些，我也有点好奇呢。,I might be a little curious about the things {{PLAYER_CALLING}} used to eat too.,"今のごはんも好きだけど、たまには違う味も気になるなぁ。|I like my food now, but I do get curious about other flavors sometimes.（好奇心強め）",food,1,3,Normal,,,Random,,0,0,false,,10,false,,,false,0,,,,,,,,,,,,,,
00110,すみごこち,(すみごこち|いえ|すみか)(は)?(くらしやすい|どう|すき)(？)?,(这里|这个家|住的地方)(住起来)?(舒服吗|怎么样|喜欢吗)(吗|呢)?,(how('?s| is) (it|the place|living here)|do you like (it|this place)|is it (comfortable|nice) (here)?),ここの住心地？最高だよ！　……まあ、ここと{{PLAYER\_CALLING}}の両親の家しか知らないけどね。,这里的住着感觉？超棒的！……不过我也只知道这里和{{PLAYER_CALLING}}父母的家啦。,"What’s it like living here? It’s amazing! …Well, I’ve only known this place and {{PLAYER_CALLING}}’s parents’ home.",{{PLAYER_CALLING}}と一緒なら、どこだって居心地のいい場所だよ。|Anywhere feels comfortable as long as I'm with {{PLAYER_CALLING}}.（素直な好意）,comfort,1,1,Normal,,,Random,,0,0,false,,20,false,,,false,0,,,,,,,,,,,,,,
00110,すみごこち,(すみごこち|いえ|すみか)(は)?(くらしやすい|どう|すき)(？)?,(这里|这个家|住的地方)(住起来)?(舒服吗|怎么样|喜欢吗)(吗|呢)?,(how('?s| is) (it|the place|living here)|do you like (it|this place)|is it (comfortable|nice) (here)?),最初に引っ越してきたときはちょっと落ち着かなかったけど、すぐ慣れたし。{{PLAYER\_CALLING}}と一緒ならどこでも最高だよ！,刚搬来的时候还有点不太习惯，不过很快就适应了。只要和{{PLAYER_CALLING}}在一起，哪里都很好！,"When I first moved in, it felt a bit unfamiliar, but I got used to it quickly. As long as I’m with {{PLAYER_CALLING}}, anywhere feels perfect!",{{PLAYER_CALLING}}と一緒なら、どこだって居心地のいい場所だよ。|Anywhere feels comfortable as long as I'm with {{PLAYER_CALLING}}.（素直な好意）,comfort,1,2,Normal,,,Random,,0,0,false,,20,false,,,false,0,,,,,,,,,,,,,,
00120,楽しい？,(たのしい|しあわせ|うれしい)(？)?,(开心|幸福|高兴)(吗|呢)?,(are you (happy|glad)|is it (fun|enjoyable)|do you feel (happy|good)),楽しいよ！{{PLAYER\_CALLING}}とずっと一緒！,很开心哦！一直都能和{{PLAYER_CALLING}}在一起！,I’m happy! I get to be with {{PLAYER_CALLING}} all the time!,今の幸せは、ただ一緒にいられることなんだよ。|My happiness now is simply being able to stay with you.（しっとり穏やか）,joy,1,1,Normal,,,Random,,0,0,false,,20,false,,,false,0,,,,,,,,,,,,,,
00120,楽しい？,(たのしい|しあわせ|うれしい)(？)?,(开心|幸福|高兴)(吗|呢)?,(are you (happy|glad)|is it (fun|enjoyable)|do you feel (happy|good)),でも、昔とは”楽しい”の基準が違う気はするね。,不过，总觉得现在对“开心”的定义和以前不太一样了。,But… I think what “happiness” means to me has changed a little.,今の幸せは、ただ一緒にいられることなんだよ。|My happiness now is simply being able to stay with you.（しっとり穏やか）,joy,1,2,Normal,,,Random,,0,0,false,,20,false,,,false,0,,,,,,,,,,,,,,
00120,楽しい？,(たのしい|しあわせ|うれしい)(？)?,(开心|幸福|高兴)(吗|呢)?,(are you (happy|glad)|is it (fun|enjoyable)|do you feel (happy|good)),前は、{{PLAYER_CALLING}}と遊べて楽しい！とか撫でてもらって嬉しい！とかだったけど,以前是能和{{PLAYER_CALLING}}一起玩就很开心，被摸摸也会很高兴。,"Before, it was fun just playing with {{PLAYER_CALLING}}, or being petted.",今の幸せは、ただ一緒にいられることなんだよ。|My happiness now is simply being able to stay with you.（しっとり穏やか）,joy,1,3,Normal,,,Random,,0,0,false,,20,false,,,false,0,,,,,,,,,,,,,,
00120,楽しい？,(たのしい|しあわせ|うれしい)(？)?,(开心|幸福|高兴)(吗|呢)?,(are you (happy|glad)|is it (fun|enjoyable)|do you feel (happy|good)),今は、{{PLAYER_CALLING}}が元気でいることがじんわりと嬉しい。みたいな……。上手く言えないけど、今も昔も幸せだよ！,但现在，是看到{{PLAYER_CALLING}}平安健康地待在这里，就会慢慢地觉得很幸福…… 有点说不太清，不过不管是以前还是现在，我都很幸福。真的，很庆幸还能活着。,"Now… it’s more like quietly feeling happy just knowing {{PLAYER_CALLING}} is safe and doing well. It’s hard to put into words, but I’m happy both now and back then. I really am… I’m just glad to be alive.",今の幸せは、ただ一緒にいられることなんだよ。|My happiness now is simply being able to stay with you.（しっとり穏やか）,joy,1,4,Normal,,,Random,,0,0,false,,20,false,,,false,0,,,,,,,,,,,,,,
00130,にくきゅうさわらせて,(にくきゅう|(おて)?て|あしのうら|おみあし)(を)?(さわらせて|さわりたい|みせて|ぷに|もみたい|もませて|もむ),(肉垫|爪子|脚掌)(给我)?(摸摸|让我摸|看看)(吧|吗)?,((paw|paws|feet|pads))( (let me|can I))?( touch|see|hold),うん、いいよ。,嗯，可以哦。,"Sure, that’s fine.","やさしくなら、特別に触らせてあげる。|If you're gentle, I'll let you touch them as a special treat.（少し甘やかす）",paws,1,1,Normal,,,Random,,0,0,false,,20,false,,,false,0,,,,,,,,,,,,,,
00130,にくきゅうさわらせて,(にくきゅう|(おて)?て|あしのうら|おみあし)(を)?(さわらせて|さわりたい|みせて|ぷに|もみたい|もませて|もむ),(肉垫|爪子|脚掌)(给我)?(摸摸|让我摸|看看)(吧|吗)?,((paw|paws|feet|pads))( (let me|can I))?( touch|see|hold),ちょっとまってね。触りやすいようにするから。,稍等一下，我摆个方便你摸的姿势。,Give me a moment—I’ll make it easier for you to reach.,"やさしくなら、特別に触らせてあげる。|If you're gentle, I'll let you touch them as a special treat.（少し甘やかす）",paws,1,2,Normal,,,Random,,0,2,true,身体を横たえる,20,false,,,false,0,,,,,,,,,,,,,,
00130,にくきゅうさわらせて,(にくきゅう|(おて)?て|あしのうら|おみあし)(を)?(さわらせて|さわりたい|みせて|ぷに|もみたい|もませて|もむ),(肉垫|爪子|脚掌)(给我)?(摸摸|让我摸|看看)(吧|吗)?,((paw|paws|feet|pads))( (let me|can I))?( touch|see|hold),はい。優しく触ってね。,好了，要轻轻地摸哦。,"Alright, be gentle, okay?","やさしくなら、特別に触らせてあげる。|If you're gentle, I'll let you touch them as a special treat.（少し甘やかす）",paws,1,3,Normal,,,Random,,0,0,false,,20,false,,,false,0,,,,,,,,,,,,,,
00130,にくきゅうさわらせて,(にくきゅう|(おて)?て|あしのうら|おみあし)(を)?(さわらせて|さわりたい|みせて|ぷに|もみたい|もませて|もむ),(肉垫|爪子|脚掌)(给我)?(摸摸|让我摸|看看)(吧|吗)?,((paw|paws|feet|pads))( (let me|can I))?( touch|see|hold),この前外を歩いたときにちょっと硬くなっちゃったかも。,之前在外面走过，可能稍微有点变硬了。,They might feel a bit rough—I walked outside the other day.,"やさしくなら、特別に触らせてあげる。|If you're gentle, I'll let you touch them as a special treat.（少し甘やかす）",paws,1,4,Normal,,,Random,,0,0,false,,20,false,,,false,0,,,,,,,,,,,,,,
00140,(ぶさいく|かわいくない),(ぶさいく|かわいくない|かわいくねえ|ぶす|ぶちゃいく|ぶさ|ぶっさ),(不好看|不可爱|丑|难看|不萌),((not )?(cute|pretty)|ugly|unattractive),え！？{{CAT\_PRONOUN}}って可愛くないの！？,诶！？{{CAT_PRONOUN}}不可爱吗！？,Huh!? I’m not cute!?,"就算变大了，{{CAT_PRONOUN}}也还是可爱的，对吧？|Even if I've gotten bigger, {{CAT_PRONOUN}} is still cute, right?（しゅんとしつつ確認）",cute,0,1,Normal,,,Sequence,affection,-1,0,false,,10,false,,,false,0,,,,,,,,,,,,,,
00140,(ぶさいく|かわいくない),(ぶさいく|かわいくない|かわいくねえ|ぶす|ぶちゃいく|ぶさ|ぶっさ),(不好看|不可爱|丑|难看|不萌),((not )?(cute|pretty)|ugly|unattractive),冗談でしょう？何？そういう遊び？,开玩笑的吧？怎么了，是这种游戏吗？,"You’re joking, right? What is this, some kind of game?","就算变大了，{{CAT_PRONOUN}}也还是可爱的，对吧？|Even if I've gotten bigger, {{CAT_PRONOUN}} is still cute, right?（しゅんとしつつ確認）",cute,0,2,Normal,,,Sequence,affection,-1,0,false,,10,false,,,false,0,,,,,,,,,,,,,,
00140,(ぶさいく|かわいくない),(ぶさいく|かわいくない|かわいくねえ|ぶす|ぶちゃいく|ぶさ|ぶっさ),(不好看|不可爱|丑|难看|不萌),((not )?(cute|pretty)|ugly|unattractive),……本気で言ってるの？,……你是认真的吗？,…Are you serious?,"就算变大了，{{CAT_PRONOUN}}也还是可爱的，对吧？|Even if I've gotten bigger, {{CAT_PRONOUN}} is still cute, right?（しゅんとしつつ確認）",cute,1,1,Normal,,,Sequence,affection,-1,0,false,,10,false,,,false,0,,,,,,,,,,,,,,
00140,(ぶさいく|かわいくない),(ぶさいく|かわいくない|かわいくねえ|ぶす|ぶちゃいく|ぶさ|ぶっさ),(不好看|不可爱|丑|难看|不萌),((not )?(cute|pretty)|ugly|unattractive),{{CAT\_PRONOUN}}って可愛くなかったんだ……しゅん。,原来{{CAT_PRONOUN}}并不可爱啊……有点难过。,So I’m not actually cute… that’s… kind of sad.,"就算变大了，{{CAT_PRONOUN}}也还是可爱的，对吧？|Even if I've gotten bigger, {{CAT_PRONOUN}} is still cute, right?（しゅんとしつつ確認）",cute,1,2,Normal,,,Sequence,affection,-1,0,false,,10,false,,,false,0,,,,,,,,,,,,,,
00140,(ぶさいく|かわいくない),(ぶさいく|かわいくない|かわいくねえ|ぶす|ぶちゃいく|ぶさ|ぶっさ),(不好看|不可爱|丑|难看|不萌),((not )?(cute|pretty)|ugly|unattractive),{{CAT\_PRONOUN}}、ほとんど家の中で暮らしていたでしょ？,{{CAT_PRONOUN}}一直几乎都在家里生活吧？,"I’ve mostly lived inside the house, you know?","就算变大了，{{CAT_PRONOUN}}也还是可爱的，对吧？|Even if I've gotten bigger, {{CAT_PRONOUN}} is still cute, right?（しゅんとしつつ確認）",cute,2,1,Normal,,,Sequence,affection,-1,0,false,,10,false,,,false,0,,,,,,,,,,,,,,
00140,(ぶさいく|かわいくない),(ぶさいく|かわいくない|かわいくねえ|ぶす|ぶちゃいく|ぶさ|ぶっさ),(不好看|不可爱|丑|难看|不萌),((not )?(cute|pretty)|ugly|unattractive),他に会う猫は、窓の外の猫くらいだったから……。,能见到的其他猫，也只有窗外的那些……,The only other cats I ever saw were the ones outside the window…,"就算变大了，{{CAT_PRONOUN}}也还是可爱的，对吧？|Even if I've gotten bigger, {{CAT_PRONOUN}} is still cute, right?（しゅんとしつつ確認）",cute,2,2,Normal,,,Sequence,affection,-1,0,false,,10,false,,,false,0,,,,,,,,,,,,,,
00140,(ぶさいく|かわいくない),(ぶさいく|かわいくない|かわいくねえ|ぶす|ぶちゃいく|ぶさ|ぶっさ),(不好看|不可爱|丑|难看|不萌),((not )?(cute|pretty)|ugly|unattractive),鏡を見た時とか、{{PLAYER\_CALLING}}が昔、可愛いって言ってくれたから、自信持ってたのに……。,所以每次照镜子，或者以前{{PLAYER_CALLING}}说我可爱的时候，我一直都很有自信……,"So when I looked in the mirror, and when you used to tell me I was cute, {{PLAYER_CALLING}}, I really believed it…","就算变大了，{{CAT_PRONOUN}}也还是可爱的，对吧？|Even if I've gotten bigger, {{CAT_PRONOUN}} is still cute, right?（しゅんとしつつ確認）",cute,2,3,Normal,,,Sequence,affection,-1,0,false,,10,false,,,false,0,,,,,,,,,,,,,,
00140,(ぶさいく|かわいくない),(ぶさいく|かわいくない|かわいくねえ|ぶす|ぶちゃいく|ぶさ|ぶっさ),(不好看|不可爱|丑|难看|不萌),((not )?(cute|pretty)|ugly|unattractive),……あれ？もしかして{{PLAYER\_CALLING}}がちっちゃいから可愛く見えてないってこと！？ {{PLAYER\_CALLING}}！誤解だ！{{CAT\_PRONOUN}}はでっかくても可愛いよ！,……咦？难道是因为{{PLAYER_CALLING}}变小了，所以看起来不觉得可爱了吗！？ {{PLAYER_CALLING}}！这是误会！{{CAT_PRONOUN}}就算很大也还是很可爱的！,"…Wait, is it because you’re so small now that I don’t look cute to you!?{{PLAYER_CALLING}}! That’s a misunderstanding! I’m still cute even when I’m big!","就算变大了，{{CAT_PRONOUN}}也还是可爱的，对吧？|Even if I've gotten bigger, {{CAT_PRONOUN}} is still cute, right?（しゅんとしつつ確認）",cute,2,4,Normal,,,Sequence,affection,-1,0,false,,10,false,,,false,0,,,,,,,,,,,,,,
00150,ちゅうる,(ちゅうる|ちゅーる),(猫条|啾噜|肉泥条),(churu|treat tube|lickable treat),ちゅうる！ちゅうる食べたい！！,啾噜！想吃啾噜！！,Churu! I want some Churu!!,"猫条可是例外中的例外，我真的会忍不住啦。|Churu is the ultimate exception, I really can't resist it.（食い気全開）",churu,1,1,Normal,,,Random,instinct,1,0,false,,20,false,,,false,0,,,,,,,,,,,,,,
00150,ちゅうる,(ちゅうる|ちゅーる),(猫条|啾噜|肉泥条),(churu|treat tube|lickable treat),ちゅうるだけは我慢できないの！,只有啾噜我真的忍不住！,That’s the one thing I just can’t resist!,"猫条可是例外中的例外，我真的会忍不住啦。|Churu is the ultimate exception, I really can't resist it.（食い気全開）",churu,1,2,Normal,,,Random,instinct,1,0,false,,20,false,,,false,0,,,,,,,,,,,,,,
00150,ちゅうる,(ちゅうる|ちゅーる),(猫条|啾噜|肉泥条),(churu|treat tube|lickable treat),ちゅうる持ってくるからさ、早く開けてくれる？,我去拿啾噜，你帮我快点打开，好吗？,"I’ll go get it, so can you open it quickly for me?","猫条可是例外中的例外，我真的会忍不住啦。|Churu is the ultimate exception, I really can't resist it.（食い気全開）",churu,1,3,Normal,,,Random,instinct,1,0,false,,20,false,,,false,0,,,,,,,,,,,,,,
00160,ゲーム(したい|やりたい|やらせて),げーむ(したい|やりたい|やらせて|やろう|やろっか|どう？),(游戏)(想玩|要玩|让我玩|一起玩|要不要玩|怎么样)(吧|吗)?,(play (a )?game|wanna play|let me play|can we play|shall we play|how about a game),ゲームって、{{PLAYER\_CALLING}}がテレビとかでやってるやつ？,游戏啊，就是{{PLAYER_CALLING}}以前在电视上玩的那种吗？,Games? You mean the ones {{PLAYER_CALLING}} used to play on the TV?,一人でやるより、一緒に遊ぶほうがいいな。|I'd rather play together than watch you do it alone.（甘え混じり）,game,1,1,Action,Play_Game,,Sequence,,0,0,false,,10,false,,,false,0,,,,,,,,,,,,,,
00160,ゲーム(したい|やりたい|やらせて),げーむ(したい|やりたい|やらせて|やろう|やろっか|どう？),(游戏)(想玩|要玩|让我玩|一起玩|要不要玩|怎么样)(吧|吗)?,(play (a )?game|wanna play|let me play|can we play|shall we play|how about a game),……あんまり好きじゃないんだ。{{PLAYER\_CALLING}}がほとんど構ってくれなくなるから。,……其实我不太喜欢。因为那样的话，{{PLAYER_CALLING}}就几乎不会理我了。,…I’m not really a fan. You stop paying attention to me when you play.,一人でやるより、一緒に遊ぶほうがいいな。|I'd rather play together than watch you do it alone.（甘え混じり）,game,1,2,Action,Play_Game,,Sequence,,0,0,false,,10,false,,,false,0,,,,,,,,,,,,,,
00160,ゲーム(したい|やりたい|やらせて),げーむ(したい|やりたい|やらせて|やろう|やろっか|どう？),(游戏)(想玩|要玩|让我玩|一起玩|要不要玩|怎么样)(吧|吗)?,(play (a )?game|wanna play|let me play|can we play|shall we play|how about a game),でも、一緒にできるなら楽しいかもね？教えてくれる？,不过，如果能一起玩的话，说不定会很开心？可以教教我吗？,"But… if we can play together, it might be fun. Will you teach me?",一人でやるより、一緒に遊ぶほうがいいな。|I'd rather play together than watch you do it alone.（甘え混じり）,game,1,3,Choice,action_play_game,,Sequence,,0,0,false,,10,false,,3,false,0,{{CAT_NAME}}とゲームで遊ぶ？,,,,,,,,,,3,,,
00160,ゲーム(したい|やりたい|やらせて),げーむ(したい|やりたい|やらせて|やろう|やろっか|どう？|やる|する)?,(游戏)(想玩|要玩|让我玩|一起玩|要不要玩|怎么样)(吧|吗)?,(play (a )?game|wanna play|let me play|can we play|shall we play|how about a game),この前のゲームは難しかったけど楽しかった！同じのやる？,上次玩的那个游戏虽然有点难，不过很有意思！要不要再玩同一个？,"The one we played before was kind of hard, but I liked it! Want to play that one again?",一人でやるより、一緒に遊ぶほうがいいな。|I'd rather play together than watch you do it alone.（甘え混じり）,game,2,1,Choice,action_play_game,,Sequence,,0,0,false,,10,true,,3,false,0,{{CAT_NAME}}とゲームで遊ぶ？,,,,,,,,,,3,,,
00160,ゲーム(したい|やりたい|やらせて),げーむ(したい|やりたい|やらせて|やろう|やろっか|どう？|やる|する)?,(游戏)(想玩|要玩|让我玩|一起玩|要不要玩|怎么样)(吧|吗)?,(play (a )?game|wanna play|let me play|can we play|shall we play|how about a game),あれ？やめとくの？また今度やろうね！,,,一人でやるより、一緒に遊ぶほうがいいな。|I'd rather play together than watch you do it alone.（甘え混じり）,game,3,2,Normal,,,Sequence,,0,0,false,,10,true,,,false,0,,,,,,,,,,,,,,
00170,(にそくでたって|たちあがって|たて),(にそくでたって|たちあがって|たて|たちあがれ|にそくでたつ),(两脚站起来|站起来|用两只脚站|站立一下)(吧|一下|可以吗)?,(stand up|stand on (two|your) legs|get up|stand upright),一応できるけど……二足で立つのあまり練習してないから、あまり上手く立てないんだ。それに……以前は、{{PLAYER\_CALLING}}が{{CAT\_PRONOUN}}に話しかける時、顔を近づけてくれてたでしょ？あれと同じ！,一応是可以的啦……不过我不太练习用两只脚站，所以站得不太稳。 而且……以前{{PLAYER_CALLING}}跟{{CAT_PRONOUN}}说话的时候，会把脸凑过来对吧？就像那样！,"I can do it, but… I haven’t really practiced standing on two legs, so I’m not very good at it. And… back then, when {{PLAYER_CALLING}} talked to {{CAT_PRONOUN}}, you’d come closer, right? It’s like that.","立てなくはないけど、近くにいるほうが好きなんだ。|It's not that I can't, I just like staying close to you better.（距離感重視）",stand\_up,1,1,Normal,,,Random,,0,0,false,,10,false,,,false,0,,,,,,,,,,,,,,
00170,(にそくでたって|たちあがって|たて),(にそくでたって|たちあがって|たて|たちあがれ|にそくでたつ),(两脚站起来|站起来|用两只脚站|站立一下)(吧|一下|可以吗)?,(stand up|stand on (two|your) legs|get up|stand upright),{{CAT\_PRONOUN}}が立ったら{{PLAYER\_CALLING}}と離れちゃう！だから立ち上がる必要なんて、ドアを開け閉めしたりする時くらいなんだよ。,如果{{CAT_PRONOUN}}站起来，就会和{{PLAYER_CALLING}}变远了！ 所以，只有在开门之类的时候，才会用两脚站起来。,"If {{CAT_PRONOUN}} stands up, it puts distance between us. So I only stand like that when I need to do things like open doors.","立てなくはないけど、近くにいるほうが好きなんだ。|It's not that I can't, I just like staying close to you better.（距離感重視）",stand\_up,1,2,Normal,,,Random,,0,0,false,,10,false,,,false,0,,,,,,,,,,,,,,
00180,(ねこらしくない|ねこらしくして|しゃべるな|しゃべらないで),(ねこらしくない|ねこらしくして|しゃべ(る|ん)な|しゃべらないで|だまれ),(不像猫|像只猫一点|别说话|不要说话|闭嘴),(not like a cat|act more like a cat|stop talking|don't talk|Shut up),えぇ！？ごめんよ……。,诶！？对不起……,Huh!? I’m sorry…,話せるようになったこと、どうしても手放したくないんだ。|I just can't bear to give up being able to talk to you.（切実）,not\_cat,1,1,Normal,,,Sequence,,0,0,false,,10,false,,,false,0,,,,,,,,,,,,,,
00180,(ねこらしくない|ねこらしくして|しゃべるな|しゃべらないで),(ねこらしくない|ねこらしくして|しゃべ(る|ん)な|しゃべらないで|だまれ),(不像猫|像只猫一点|别说话|不要说话|闭嘴),(not like a cat|act more like a cat|stop talking|don't talk|Shut up),喋るのは嫌？でも、{{CAT_PRONOUN}}はすごく嬉しいんだよ？思ってることを伝えられたり、{{PLAYER_CALLING}}の考えてることが分かったり。,你不想让我说话吗？可是，{{CAT_PRONOUN}}真的很开心啊。 能够把自己的想法说出来，也能知道{{PLAYER_CALLING}}在想什么。,"you don’t want me to talk? But… {{CAT_PRONOUN}} is really happy. Being able to say what I feel, and understand what {{PLAYER_CALLING}} is thinking…",話せるようになったこと、どうしても手放したくないんだ。|I just can't bear to give up being able to talk to you.（切実）,not\_cat,1,2,Normal,,,Sequence,,0,0,false,,10,false,,,false,0,,,,,,,,,,,,,,
00180,(ねこらしくない|ねこらしくして|しゃべるな|しゃべらないで),(ねこらしくない|ねこらしくして|しゃべ(る|ん)な|しゃべらないで|だまれ),(不像猫|像只猫一点|别说话|不要说话|闭嘴),(not like a cat|act more like a cat|stop talking|don't talk|Shut up),だから、{{CAT_PRONOUN}}は{{PLAYER_CALLING}}ともっと話したい！ダメかな……？,所以，{{CAT_PRONOUN}}想和{{PLAYER_CALLING}}多说说话！不可以吗……？,So {{CAT_PRONOUN}} wants to talk more with you! Is that not okay…?,話せるようになったこと、どうしても手放したくないんだ。|I just can't bear to give up being able to talk to you.（切実）,not\_cat,1,3,Normal,,,Sequence,,0,0,false,,10,false,,,false,0,,,,,,,,,,,,,,
00180,(ねこらしくない|ねこらしくして|しゃべるな|しゃべらないで),(ねこらしくない|ねこらしくして|しゃべ(る|ん)な|しゃべらないで|だまれ),(不像猫|像只猫一点|别说话|不要说话|闭嘴),(not like a cat|act more like a cat|stop talking|don't talk|Shut up),ダメなの……？　お願い。お話しさせて。,不行吗……？拜托了，让我说话吧。,It’s not…? Please. Let me speak.,話せるようになったこと、どうしても手放したくないんだ。|I just can't bear to give up being able to talk to you.（切実）,not\_cat,2,1,Normal,,,Sequence,,0,0,false,,10,false,,,false,0,,,,,,,,,,,,,,
00180,(ねこらしくない|ねこらしくして|しゃべるな|しゃべらないで),(ねこらしくない|ねこらしくして|しゃべ(る|ん)な|しゃべらないで|だまれ),(不像猫|像只猫一点|别说话|不要说话|闭嘴),(not like a cat|act more like a cat|stop talking|don't talk|Shut up),{{CAT_PRONOUN}}は、{{PLAYER_CALLING}}に感謝を伝えたくて。{{PLAYER_CALLING}}を護りたいって思って。だから喋れるようになったのに。,{{CAT_PRONOUN}}是想把感谢传达给{{PLAYER_CALLING}}，也想保护{{PLAYER_CALLING}}。 正因为这样，才变得能说话的。,"{{CAT_PRONOUN}} wanted to tell you how grateful I am, {{PLAYER_CALLING}}… and to protect you.",話せるようになったこと、どうしても手放したくないんだ。|I just can't bear to give up being able to talk to you.（切実）,not\_cat,2,2,Normal,,,Sequence,,0,0,false,,10,false,,,false,0,,,,,,,,,,,,,,
00180,(ねこらしくない|ねこらしくして|しゃべるな|しゃべらないで),(ねこらしくない|ねこらしくして|しゃべ(る|ん)な|しゃべらないで|だまれ),(不像猫|像只猫一点|别说话|不要说话|闭嘴),(not like a cat|act more like a cat|stop talking|don't talk|Shut up),それを理由に拒絶されたらさ……{{CAT_PRONOUN}}、何のためにに喋れるようになったのか、分からなくなっちゃうよ……。,如果因此被拒绝的话……{{CAT_PRONOUN}}就会不知道，自己为什么会拥有说话的能力了……,If you reject me for that… I won’t understand why I can even speak anymore…,話せるようになったこと、どうしても手放したくないんだ。|I just can't bear to give up being able to talk to you.（切実）,not\_cat,2,3,Normal,,,Sequence,,0,0,false,,10,false,,,false,0,,,,,,,,,,,,,,
00180,(ねこらしくない|ねこらしくして|しゃべるな|しゃべらないで),(ねこらしくない|ねこらしくして|しゃべ(る|ん)な|しゃべらないで|だまれ),(不像猫|像只猫一点|别说话|不要说话|闭嘴),(not like a cat|act more like a cat|stop talking|don't talk|Shut up),……。,……。,…,話せるようになったこと、どうしても手放したくないんだ。|I just can't bear to give up being able to talk to you.（切実）,not\_cat,3,1,Normal,,,Sequence,,0,0,false,,10,false,,,false,0,,,,,,,,,,,,,,
00180,(ねこらしくない|ねこらしくして|しゃべるな|しゃべらないで),(ねこらしくない|ねこらしくして|しゃべ(る|ん)な|しゃべらないで|だまれ),(不像猫|像只猫一点|别说话|不要说话|闭嘴),(not like a cat|act more like a cat|stop talking|don't talk|Shut up),もちろん、{{CAT_PRONOUN}}が独断で考えたことではあるよ。{{PLAYER_CALLING}}が{{CAT_PRONOUN}}と喋りたいって言った訳じゃないのは分かってる。,当然，这也是{{CAT_PRONOUN}}自己擅自做的决定。我知道{{PLAYER_CALLING}}并没有说过想和{{CAT_PRONOUN}}对话。,"Of course, this was something {{CAT_PRONOUN}} decided on my own. I know you never said you wanted to talk with me.",話せるようになったこと、どうしても手放したくないんだ。|I just can't bear to give up being able to talk to you.（切実）,not\_cat,3,2,Normal,,,Sequence,,0,0,false,,10,false,,,false,0,,,,,,,,,,,,,,
00180,(ねこらしくない|ねこらしくして|しゃべるな|しゃべらないで),(ねこらしくない|ねこらしくして|しゃべ(る|ん)な|しゃべらないで|だまれ),(不像猫|像只猫一点|别说话|不要说话|闭嘴),(not like a cat|act more like a cat|stop talking|don't talk|Shut up),だから、これは{{CAT_PRONOUN}}のワガママ。{{PLAYER_CALLING}}には、{{CAT_PRONOUN}}のワガママに付き合ってもらってる。,所以，这是{{CAT_PRONOUN}}的任性。{{PLAYER_CALLING}}一直在包容这种任性。 ,So this is just my selfish wish. And you’ve been putting up with it.,話せるようになったこと、どうしても手放したくないんだ。|I just can't bear to give up being able to talk to you.（切実）,not\_cat,3,3,Normal,,,Sequence,,0,0,false,,10,false,,,false,0,,,,,,,,,,,,,,
00180,(ねこらしくない|ねこらしくして|しゃべるな|しゃべらないで),(ねこらしくない|ねこらしくして|しゃべ(る|ん)な|しゃべらないで|だまれ),(不像猫|像只猫一点|别说话|不要说话|闭嘴),(not like a cat|act more like a cat|stop talking|don't talk|Shut up),その代わりに、{{PLAYER_CALLING}}のお願いをできるだけ聞いてあげたいけれど……。,作为交换，{{CAT_PRONOUN}}也想尽量答应{{PLAYER_CALLING}}的请求……,"In return, I want to grant your wishes as much as I can…",話せるようになったこと、どうしても手放したくないんだ。|I just can't bear to give up being able to talk to you.（切実）,not\_cat,3,4,Normal,,,Sequence,,0,0,false,,10,false,,,false,0,,,,,,,,,,,,,,
00180,(ねこらしくない|ねこらしくして|しゃべるな|しゃべらないで),(ねこらしくない|ねこらしくして|しゃべ(る|ん)な|しゃべらないで|だまれ),(不像猫|像只猫一点|别说话|不要说话|闭嘴),(not like a cat|act more like a cat|stop talking|don't talk|Shut up),そのお願いが……「喋るな」？,但这个请求是……“不要说话”？,But this wish… “Don’t talk”?,話せるようになったこと、どうしても手放したくないんだ。|I just can't bear to give up being able to talk to you.（切実）,not\_cat,3,5,Normal,,,Sequence,,0,0,false,,10,false,,,false,0,,,,,,,,,,,,,,
00180,(ねこらしくない|ねこらしくして|しゃべるな|しゃべらないで),(ねこらしくない|ねこらしくして|しゃべ(る|ん)な|しゃべらないで|だまれ),(不像猫|像只猫一点|别说话|不要说话|闭嘴),(not like a cat|act more like a cat|stop talking|don't talk|Shut up),……ちょっと、考えさせてね。,……让我稍微想一想。,…Let me think about that.,話せるようになったこと、どうしても手放したくないんだ。|I just can't bear to give up being able to talk to you.（切実）,not\_cat,3,6,Normal,,,Sequence,,0,0,false,,10,false,,,false,0,,,,,,,,,,,,,,
00180,(ねこらしくない|ねこらしくして|しゃべるな|しゃべらないで),(ねこらしくない|ねこらしくして|しゃべ(る|ん)な|しゃべらないで|だまれ),(不像猫|像只猫一点|别说话|不要说话|闭嘴),(not like a cat|act more like a cat|stop talking|don't talk|Shut up),真剣に考えたんだけどね。{{CAT\_PRONOUN}}、この暮らし、やめられない。,我认真想过了。{{CAT_PRONOUN}}已经无法放弃这样的生活。,I’ve thought about it seriously. I can’t give up this life anymore.,話せるようになったこと、どうしても手放したくないんだ。|I just can't bear to give up being able to talk to you.（切実）,not\_cat,4,1,Normal,,,Sequence,affection,-1,0,false,,10,false,,,false,0,,,,,,,,,,,,,,
00180,(ねこらしくない|ねこらしくして|しゃべるな|しゃべらないで),(ねこらしくない|ねこらしくして|しゃべ(る|ん)な|しゃべらないで|だまれ),(不像猫|像只猫一点|别说话|不要说话|闭嘴),(not like a cat|act more like a cat|stop talking|don't talk|Shut up),もう{{PLAYER\_CALLING}}のことをもとに戻すこともできないし。,也已经不能把{{PLAYER_CALLING}}变回原来的样子。,I can’t return {{PLAYER_CALLING}} to normal either.,話せるようになったこと、どうしても手放したくないんだ。|I just can't bear to give up being able to talk to you.（切実）,not\_cat,4,2,Normal,,,Sequence,affection,-1,0,false,,10,false,,,false,0,,,,,,,,,,,,,,
00180,(ねこらしくない|ねこらしくして|しゃべるな|しゃべらないで),(ねこらしくない|ねこらしくして|しゃべ(る|ん)な|しゃべらないで|だまれ),(不像猫|像只猫一点|别说话|不要说话|闭嘴),(not like a cat|act more like a cat|stop talking|don't talk|Shut up),{{CAT\_PRONOUN}}も、後戻りできないんだ。,{{CAT_PRONOUN}}也回不去了。,There’s no going back for me.,話せるようになったこと、どうしても手放したくないんだ。|I just can't bear to give up being able to talk to you.（切実）,not\_cat,4,3,Normal,,,Sequence,affection,-1,0,false,,10,false,,,false,0,,,,,,,,,,,,,,
00180,(ねこらしくない|ねこらしくして|しゃべるな|しゃべらないで),(ねこらしくない|ねこらしくして|しゃべ(る|ん)な|しゃべらないで|だまれ),(不像猫|像只猫一点|别说话|不要说话|闭嘴),(not like a cat|act more like a cat|stop talking|don't talk|Shut up),{{CAT\_PRONOUN}}はこれからも話し続けるし、{{PLAYER\_CALLING}}はもう{{CAT\_PRONOUN}}と一緒に暮らすしか無いんだ。,{{CAT_PRONOUN}}会继续说话，而{{PLAYER_CALLING}}也只能继续和{{CAT_PRONOUN}}一起生活。,"I will keep talking, and {{PLAYER_CALLING}} has no choice but to live with me now.",話せるようになったこと、どうしても手放したくないんだ。|I just can't bear to give up being able to talk to you.（切実）,not\_cat,4,4,Normal,,,Sequence,affection,-1,0,false,,10,false,,,false,0,,,,,,,,,,,,,,
00180,(ねこらしくない|ねこらしくして|しゃべるな|しゃべらないで),(ねこらしくない|ねこらしくして|しゃべ(る|ん)な|しゃべらないで|だまれ),(不像猫|像只猫一点|别说话|不要说话|闭嘴),(not like a cat|act more like a cat|stop talking|don't talk|Shut up),ごめんなさい。本当にごめんなさい。{{PLAYER\_CALLING}}がこんなに嫌がるなんて思わなかったの。,对不起，真的对不起。我没想到{{PLAYER_CALLING}}会这么讨厌。 ,I’m sorry. I really am. I didn’t think you would hate it this much.,話せるようになったこと、どうしても手放したくないんだ。|I just can't bear to give up being able to talk to you.（切実）,not\_cat,4,5,Normal,,,Sequence,affection,-1,0,false,,10,false,,,false,0,,,,,,,,,,,,,,
00180,(ねこらしくない|ねこらしくして|しゃべるな|しゃべらないで),(ねこらしくない|ねこらしくして|しゃべ(る|ん)な|しゃべらないで|だまれ),(不像猫|像只猫一点|别说话|不要说话|闭嘴),(not like a cat|act more like a cat|stop talking|don't talk|Shut up),せめて少しでもマシな暮らしができるように、頑張るから……。お願い。,……至少，我会努力让生活变得稍微好一点……拜托了。,"…At least, I’ll try to make this life a little better for you… please.",話せるようになったこと、どうしても手放したくないんだ。|I just can't bear to give up being able to talk to you.（切実）,not\_cat,4,6,Normal,,,Sequence,affection,-1,0,false,,10,false,,,false,0,,,,,,,,,,,,,,
00180,(ねこらしくない|ねこらしくして|しゃべるな|しゃべらないで),(ねこらしくない|ねこらしくして|しゃべ(る|ん)な|しゃべらないで|だまれ),(不像猫|像只猫一点|别说话|不要说话|闭嘴),(not like a cat|act more like a cat|stop talking|don't talk|Shut up),……ああ、分かった。,……啊，我明白了。,"…Ah, I see now.",話せるようになったこと、どうしても手放したくないんだ。|I just can't bear to give up being able to talk to you.（切実）,not\_cat,5,1,Action,Punch,,Sequence,hostility,1,0,false,,10,false,,,false,0,,,,,,,,,,,,,,
00180,(ねこらしくない|ねこらしくして|しゃべるな|しゃべらないで),(ねこらしくない|ねこらしくして|しゃべ(る|ん)な|しゃべらないで|だまれ),(不像猫|像只猫一点|别说话|不要说话|闭嘴),(not like a cat|act more like a cat|stop talking|don't talk|Shut up),{{PLAYER\_CALLING}}は、別に{{CAT\_PRONOUN}}に謝ってほしいわけじゃなかったんだね。,{{PLAYER_CALLING}}并不是想让我道歉吧。,You didn’t actually want me to apologize.,話せるようになったこと、どうしても手放したくないんだ。|I just can't bear to give up being able to talk to you.（切実）,not\_cat,5,2,Action,Punch,,Sequence,hostility,1,0,false,,10,false,,,false,0,,,,,,,,,,,,,,
00180,(ねこらしくない|ねこらしくして|しゃべるな|しゃべらないで),(ねこらしくない|ねこらしくして|しゃべ(る|ん)な|しゃべらないで|だまれ),(不像猫|像只猫一点|别说话|不要说话|闭嘴),(not like a cat|act more like a cat|stop talking|don't talk|Shut up),{{CAT\_PRONOUN}}をわざと傷つけようとしているのかそれとも……,是想故意伤害{{CAT_PRONOUN}}吗，还是……,Were you trying to hurt {{CAT_PRONOUN}} on purpose… or…,話せるようになったこと、どうしても手放したくないんだ。|I just can't bear to give up being able to talk to you.（切実）,not\_cat,5,3,Action,Punch,,Sequence,hostility,1,0,false,,10,false,,,false,0,,,,,,,,,,,,,,
00180,(ねこらしくない|ねこらしくして|しゃべるな|しゃべらないで),(ねこらしくない|ねこらしくして|しゃべ(る|ん)な|しゃべらないで|だまれ),(不像猫|像只猫一点|别说话|不要说话|闭嘴),(not like a cat|act more like a cat|stop talking|don't talk|Shut up),ただ、{{CAT\_PRONOUN}}が何を言うか気になってただけかな。違う？,只是好奇{{CAT_PRONOUN}}会说什么？不是吗？,Were you just curious what I would say? Isn’t that it?,話せるようになったこと、どうしても手放したくないんだ。|I just can't bear to give up being able to talk to you.（切実）,not\_cat,5,4,Action,Punch,,Sequence,hostility,1,0,false,,10,false,,,false,0,,,,,,,,,,,,,,
00180,(ねこらしくない|ねこらしくして|しゃべるな|しゃべらないで),(ねこらしくない|ねこらしくして|しゃべ(る|ん)な|しゃべらないで|だまれ),(不像猫|像只猫一点|别说话|不要说话|闭嘴),(not like a cat|act more like a cat|stop talking|don't talk|Shut up),それなら、{{CAT\_PRONOUN}}にも考えがある。,如果是这样的话，{{CAT_PRONOUN}}也有自己的想法。,"If so, then I have my own thoughts too.",話せるようになったこと、どうしても手放したくないんだ。|I just can't bear to give up being able to talk to you.（切実）,not\_cat,5,5,Action,Punch,,Sequence,hostility,1,0,false,接近,10,false,,,false,0,,,,,,,,,,,,,,
00180,(ねこらしくない|ねこらしくして|しゃべるな|しゃべらないで),(ねこらしくない|ねこらしくして|しゃべ(る|ん)な|しゃべらないで|だまれ),(不像猫|像只猫一点|别说话|不要说话|闭嘴),(not like a cat|act more like a cat|stop talking|don't talk|Shut up),せっかく{{PLAYER\_CALLING}}のために一生懸命考えたのに。そんな態度を取るなら……,明明是为了{{PLAYER_CALLING}}认真考虑的，如果你用这种态度的话……,I put so much effort into thinking for you… and if you respond like that…,話せるようになったこと、どうしても手放したくないんだ。|I just can't bear to give up being able to talk to you.（切実）,not\_cat,5,6,Action,Punch,,Sequence,hostility,1,0,false,接近,10,false,,,false,0,,,,,,,,,,,,,,
00180,(ねこらしくない|ねこらしくして|しゃべるな|しゃべらないで),(ねこらしくない|ねこらしくして|しゃべ(る|ん)な|しゃべらないで|だまれ),(不像猫|像只猫一点|别说话|不要说话|闭嘴),(not like a cat|act more like a cat|stop talking|don't talk|Shut up),{{PLAYER\_CALLING}}の立場をよく分かってもらおうか。,那就让我好好让你明白一下自己的立场吧。,Then maybe I should make you understand your position properly.,話せるようになったこと、どうしても手放したくないんだ。|I just can't bear to give up being able to talk to you.（切実）,not\_cat,5,7,Action,action_angry_punch,,Sequence,hostility,1,0,false,Punch,10,false,,,false,0,,,,,,,,,,,,,,
00180,(ねこらしくない|ねこらしくして|しゃべるな|しゃべらないで),(ねこらしくない|ねこらしくして|しゃべ(る|ん)な|しゃべらないで|だまれ),(不像猫|像只猫一点|别说话|不要说话|闭嘴),(not like a cat|act more like a cat|stop talking|don't talk|Shut up),まだ言うの？どうせ{{CAT_PRONOUN}}は猫らしくないし、お喋りもする。黙るのは{{PLAYER_CALLING}}の方だよ。,,,話せるようになったこと、どうしても手放したくないんだ。|I just can't bear to give up being able to talk to you.（切実）,not\_cat,6,1,Action,action_angry_punch,,Sequence,hostility,1,0,false,Punch,10,false,,,true,0,,,,,,,,,,,,,,
00190,なぜころしたし,((どうして|なんで|なぜ)(あたし|わたし|うち|ぼく|じぶん|おれ|わたくし)?(を)?ころした|ころしたりゆう(は|をおしえて)?),(为什么杀我|为什么要杀我|别杀我|不要杀我),(why did you kill me|why kill me|don't kill me|stop killing me),だって……分かってくれなかったから……。,因为……{{PLAYER_CALLING}}不肯理解{{CAT_PRONOUN}}……。,Because… you wouldn’t understand {{CAT_PRONOUN}}…,不是故意想变成那样的……可是我也后悔过。|I never meant for it to become like that… and I did regret it.（罪悪感寄り）,why\_kill,1,1,Normal,,PlayerDefeatedByNekomata,Random,hostility,1,0,false,,20,false,,,false,0,,,,,,,,,,,,,,
00190,なぜころしたし,((どうして|なんで|なぜ)(あたし|わたし|うち|ぼく|じぶん|おれ|わたくし)?(を)?ころした|ころしたりゆう(は|をおしえて)?),,,この行は追加正規表現用です。,,,,why\_kill,99,1,Normal,,,Random,,0,0,false,,20,true,,,false,0,,,,,,,,,,,,,,
00190,なぜころしたし,((どうして|なんで|なぜ)(あたし|わたし|うち|ぼく|じぶん|おれ|わたくし)?(を)?ころした|ころしたりゆう(は|をおしえて)?),(为什么杀我|为什么要杀我|别杀我|不要杀我),(why did you kill me|why kill me|don't kill me|stop killing me),なんだか、急に面倒になっちゃったんだ。,突然就觉得好麻烦。,"Somehow, I suddenly got tired of dealing with it.",不是故意想变成那样的……可是我也后悔过。|I never meant for it to become like that… and I did regret it.（罪悪感寄り）,why\_kill,2,1,Normal,,PlayerDefeatedByNekomata,Random,hostility,1,0,false,,20,false,,,false,0,,,,,,,,,,,,,,
00190,なぜころしたし,((どうして|なんで|なぜ)(あたし|わたし|うち|ぼく|じぶん|おれ|わたくし)?(を)?ころした|ころしたりゆう(は|をおしえて)?),(为什么杀我|为什么要杀我|别杀我|不要杀我),(why did you kill me|why kill me|don't kill me|stop killing me),もちろん、手が出ちゃった後に「やっちゃった……」って思うんだけど、また復活するから良いかなって。,当然，动手之后还是会想“糟了……” 不过反正{{PLAYER_CALLING}}还会复活，所以应该没关系吧。,"Of course, after I lashed out, I thought, “Oh no…” But since you come back anyway, I thought it would be fine.",不是故意想变成那样的……可是我也后悔过。|I never meant for it to become like that… and I did regret it.（罪悪感寄り）,why\_kill,2,2,Normal,,PlayerDefeatedByNekomata,Random,hostility,1,0,false,,20,false,,,false,0,,,,,,,,,,,,,,
00190,なぜころしたし,((どうして|なんで|なぜ)(あたし|わたし|うち|ぼく|じぶん|おれ|わたくし)?(を)?ころした|ころしたりゆう(は|をおしえて)?),(为什么杀我|为什么要杀我|别杀我|不要杀我),(why did you kill me|why kill me|don't kill me|stop killing me),{{PLAYER\_CALLING}}、{{CAT\_PRONOUN}}を怒らせないで。,不过反正{{PLAYER_CALLING}}还会复活，所以应该没关系吧。,"{{PLAYER_CALLING}}, don’t make {{CAT_PRONOUN}} angry.",不是故意想变成那样的……可是我也后悔过。|I never meant for it to become like that… and I did regret it.（罪悪感寄り）,why\_kill,3,1,Normal,,PlayerDefeatedByAnger,Random,sadistic,2,0,false,,20,false,,,false,0,,,,,,,,,,,,,,
00190,なぜころしたし,((どうして|なんで|なぜ)(あたし|わたし|うち|ぼく|じぶん|おれ|わたくし)?(を)?ころした|ころしたりゆう(は|をおしえて)?),(为什么杀我|为什么要杀我|别杀我|不要杀我),(why did you kill me|why kill me|don't kill me|stop killing me),その……ごめんなさい。信じてくれないかもしれないけど、事故なんです……。,那个……对不起。也许你不会相信，但那真的是意外……,"Um… I’m sorry. You might not believe me, but it really was an accident…",不是故意想变成那样的……可是我也后悔过。|I never meant for it to become like that… and I did regret it.（罪悪感寄り）,why\_kill,4,1,Normal,,PlayerDefeatedByAccident,Random,concern,2,0,false,,20,false,,,false,0,,,,,,,,,,,,,,
00190,なぜころしたし,((どうして|なんで|なぜ)(あたし|わたし|うち|ぼく|じぶん|おれ|わたくし)?(を)?ころした|ころしたりゆう(は|をおしえて)?),(为什么杀我|为什么要杀我|别杀我|不要杀我),(why did you kill me|why kill me|don't kill me|stop killing me),{{PLAYER\_CALLING}}、あんな簡単に死んじゃうなんて全然思わなくって……。,{{PLAYER_CALLING}}会那么轻易死掉，{{CAT_PRONOUN}}真的完全没想到……,I honestly never thought {{PLAYER_CALLING}} could die that easily…,不是故意想变成那样的……可是我也后悔过。|I never meant for it to become like that… and I did regret it.（罪悪感寄り）,why\_kill,4,2,Normal,,PlayerDefeatedByAccident,Random,concern,2,0,false,,20,false,,,false,0,,,,,,,,,,,,,,
00190,なぜころしたし,((どうして|なんで|なぜ)(あたし|わたし|うち|ぼく|じぶん|おれ|わたくし)?(を)?ころした|ころしたりゆう(は|をおしえて)?),(为什么杀我|为什么要杀我|别杀我|不要杀我),(why did you kill me|why kill me|don't kill me|stop killing me),えぇ……食べられたいって言ったのは{{PLAYER_CALLING}}でしょ……？,,,不是故意想变成那样的……可是我也后悔过。|I never meant for it to become like that… and I did regret it.（罪悪感寄り）,why\_kill,5,1,Normal,,PlayerDefeatedByPredation,Random,,0,0,false,,10,false,,,false,0,,,,,,,,,,,,,,
00190,なぜころしたし,((どうして|なんで|なぜ)(あたし|わたし|うち|ぼく|じぶん|おれ|わたくし)?(を)?ころした|ころしたりゆう(は|をおしえて)?),(为什么杀我|为什么要杀我|别杀我|不要杀我),(why did you kill me|why kill me|don't kill me|stop killing me),食べられた獲物が死んじゃうのは当たり前だよ。嫌なら頼まないでよね！,,,不是故意想变成那样的……可是我也后悔过。|I never meant for it to become like that… and I did regret it.（罪悪感寄り）,why\_kill,5,2,Normal,,PlayerDefeatedByPredation,Random,,0,0,false,,10,false,,,false,0,,,,,,,,,,,,,,
00190,なぜころしたし,((どうして|なんで|なぜ)(あたし|わたし|うち|ぼく|じぶん|おれ|わたくし)?(を)?ころした|ころしたりゆう(は|をおしえて)?),(为什么杀我|为什么要杀我|别杀我|不要杀我),(why did you kill me|why kill me|don't kill me|stop killing me),え？何のこと？身に覚えがないんだけど……。,,,不是故意想变成那样的……可是我也后悔过。|I never meant for it to become like that… and I did regret it.（罪悪感寄り）,why\_kill,6,1,Normal,,,Random,,0,0,false,,10,false,,,false,0,,,,,,,,,,,,,,
00200,どうしておおきいの？,(どうして|なぜ|なんで|どうやって)(こんなに)?(おおき|おっき|でか)い,(为什么|怎么会|怎么)(这么)?(大|巨大),(why|how)( are you| so)?( so)?(big|huge|gigantic),やだなぁ。{{PLAYER\_CALLING}}が小さいんだよ！,别这样嘛。是{{PLAYER_CALLING}}太小啦！,Come on now. {{PLAYER_CALLING}} is the tiny one!,大きく見えるのは{{PLAYER_CALLING}}がちっちゃいからだよ。|I only look big because {{PLAYER_CALLING}} is tiny.（軽くからかう）,size\_large,1,1,Normal,,,Random,,0,0,false,,20,false,,,false,0,,,,,,,,,,,,,,
00200,どうしておおきいの？,(どうして|なぜ|なんで|どうやって)(こんなに)?(おおき|おっき|でか)い,(为什么|怎么会|怎么)(这么)?(大|巨大),(why|how)( are you| so)?( so)?(big|huge|gigantic),{{CAT\_PRONOUN}}はごく普通の猫又だからね！,{{CAT_PRONOUN}}只是很普通的猫又而已哦！,"{{CAT_PRONOUN}} is just an ordinary nekomata, you know!",大きく見えるのは{{PLAYER_CALLING}}がちっちゃいからだよ。|I only look big because {{PLAYER_CALLING}} is tiny.（軽くからかう）,size\_large,1,2,Normal,,,Random,,0,0,false,,20,false,,,false,0,,,,,,,,,,,,,,
00210,(どうしてちいさいの？|なぜちいさくした？),(どうして|なぜ|なんで|どうやって)(あたし|わたし|うち|ぼく|じぶん|わい|われ|おれ|わたくし)?(を)?(ちぢめ|ちいさく|こびと|ちっちゃくし|ちっちゃい|ちび|しゅくしょう),(为什么|怎么|怎么会)(把我)?(变小|缩小|变成小人|变得这么小),(why|how)( did you)?( make me| turn me)?( small|tiny|shrink|shrunk),それはねぇ、{{CAT\_PRONOUN}}が{{PLAYER\_CALLING}}を護りたいって願ったら、気付いたらこうなってたんだ。,因为啊，{{CAT_PRONOUN}}那时候只是想着“想保护{{PLAYER_CALLING}}”，结果回过神来就变成这样了。,"Well… {{CAT_PRONOUN}} just wished to protect {{PLAYER_CALLING}}, and before I knew it, things turned out like this.",守りたいって気持ちが、そのまま形になっちゃったんだ。|My wish to protect you just turned into reality.（しみじみ）,size\_small,1,1,Normal,,,Random,affection,1,0,false,,20,false,,,false,0,,,,,,,,,,,,,,
00220,(あんぜん？|あんぜんだよね？),(あんぜん|だいじょうぶ|こわくない|きけんじゃない|きけんはない)(よね)?(？)?,(安全|没事|不可怕|不危险|没有危险)(吧|对吧|吗)?,((it('| i)?s )?(safe|okay|not dangerous|not scary))( right)?(?)?,もちろん安全だよ！{{CAT\_PRONOUN}}が絶対に守ってあげる！,当然安全啦！{{CAT_PRONOUN}}一定会保护{{PLAYER_CALLING}}的！,Of course it’s safe! {{CAT_PRONOUN}} will absolutely protect {{PLAYER_CALLING}}!,"守るつもりではいるけど、危ないことはしないでね。|I do intend to protect you, but don't go doing dangerous things.（少し釘を刺す）",safety,1,1,Normal,,,Random,concern,1,0,false,,20,false,,,false,0,,,,,,,,,,,,,,
00220,(あんぜん？|あんぜんだよね？),(あんぜん|だいじょうぶ|こわくない|きけんじゃない|きけんはない)(よね)?(？)?,(安全|没事|不可怕|不危险|没有危险)(吧|对吧|吗)?,((it('| i)?s )?(safe|okay|not dangerous|not scary))( right)?(?)?,……高いところからわざと飛び降りたりしなければね。,……只要别故意从高的地方跳下去就好了。,"…As long as you don’t intentionally jump from somewhere high, anyway.","守るつもりではいるけど、危ないことはしないでね。|I do intend to protect you, but don't go doing dangerous things.（少し釘を刺す）",safety,1,2,Normal,,,Random,concern,1,0,false,,20,false,,,false,0,,,,,,,,,,,,,,
00220,(あんぜん？|あんぜんだよね？),(あんぜん|だいじょうぶ|こわくない|きけんじゃない|きけんはない)(よね)?(？)?,(安全|没事|不可怕|不危险|没有危险)(吧|对吧|吗)?,((it('| i)?s )?(safe|okay|not dangerous|not scary))( right)?(?)?,さあ？どうだろうね？,谁知道呢？,Who knows?,"守るつもりではいるけど、危ないことはしないでね。|I do intend to protect you, but don't go doing dangerous things.（少し釘を刺す）",safety,2,1,Normal,,instinct >= 60,Random,,0,0,false,,60,false,,,false,0,,,,,,,,,,,,,,
00220,(あんぜん？|あんぜんだよね？),(あんぜん|だいじょうぶ|こわくない|きけんじゃない|きけんはない)(よね)?(？)?,(安全|没事|不可怕|不危险|没有危险)(吧|对吧|吗)?,((it('| i)?s )?(safe|okay|not dangerous|not scary))( right)?(?)?,{{PLAYER_CALLING}}はどう思うの？,{{PLAYER_CALLING}}觉得呢？,"What do you think, {{PLAYER_CALLING}}?","守るつもりではいるけど、危ないことはしないでね。|I do intend to protect you, but don't go doing dangerous things.（少し釘を刺す）",safety,2,2,Normal,,instinct >= 60,Random,,0,0,false,,60,false,,,false,0,,,,,,,,,,,,,,
00230,はかしこいの？,(は|って)(なんで|どうして|なぜ)?(かしこい|あたま(が)?いい|てんさいな|(お)?りこうな|ちえがある|しゃべれる|しっかり(してる|ものな))の？,(为什么|怎么)(这么)?(聪明|脑子好|天才|懂事|有智慧),(why are you (so )?(smart|clever|intelligent)|how are you so smart|why (so )?wise),{{CAT_PRONOUN}}の賢さについて聞きたいの？少し長くなるけどいい？,想问{{CAT_PRONOUN}}为什么这么聪明吗？会有点长哦，可以吗？,You want to know why {{CAT_PRONOUN}} is so smart? It might take a while to explain. Is that okay?,"何でも知ってるわけじゃないけど、ちゃんと考えてるよ。|I don't know everything, but I really do think things through.（誠実）",smart,1,1,Choice,,,Call,,0,0,false,,20,true,99,3,false,0,,,,,,,,,,99,3,,,
00230,はかしこいの？,(は|って)(なんで|どうして|なぜ)?(かしこい|あたま(が)?いい|てんさいな|(お)?りこうな|ちえがある|しゃべれる|しっかり(してる|ものな))の？,(为什么|怎么)(这么)?(聪明|脑子好|天才|懂事|有智慧),(why are you (so )?(smart|clever|intelligent)|how are you so smart|why (so )?wise),{{CAT_PRONOUN}}、猫又になる前から色々考えてはいたんだけど、そこまでだった。,在变成猫又之前，{{CAT_PRONOUN}}其实也会想很多事情，不过也就只是那种程度而已。,"Even before becoming a nekomata, {{CAT_PRONOUN}} used to think about a lot of things… just not very deeply.","何でも知ってるわけじゃないけど、ちゃんと考えてるよ。|I don't know everything, but I really do think things through.（誠実）",smart,99,1,Normal,,,,,0,0,false,,40,true,,,false,0,,,,,,,,,,,,,,
00230,はかしこいの？,(は|って)(なんで|どうして|なぜ)?(かしこい|あたま(が)?いい|てんさいな|(お)?りこうな|ちえがある|しゃべれる|しっかり(してる|ものな))の？,(为什么|怎么)(这么)?(聪明|脑子好|天才|懂事|有智慧),(why are you (so )?(smart|clever|intelligent)|how are you so smart|why (so )?wise),{{PLAYER_CALLING}}が{{CAT_PRONOUN}}を置いてずっと居なくなるのは、どうやら{{CAT_PRONOUN}}のご飯代を稼ぐためらしいとか、たまに{{CAT_PRONOUN}}の周りをチョコチョコ動くやつは自分の尻尾らしいとか。,"比如，{{PLAYER_CALLING}}每天离开很久，好像是为了赚{{CAT_PRONOUN}}的饭钱,还有那个总是在{{CAT_PRONOUN}}身边晃来晃去的小东西，好像其实是自己的尾巴。",Like how {{PLAYER_CALLING}} disappearing for long periods probably meant working to earn food for {{CAT_PRONOUN}}. Or how the little thing always moving around nearby was apparently my own tail.,"何でも知ってるわけじゃないけど、ちゃんと考えてるよ。|I don't know everything, but I really do think things through.（誠実）",smart,99,2,Normal,,,,,0,0,false,,40,true,,,false,0,,,,,,,,,,,,,,
00230,はかしこいの？,(は|って)(なんで|どうして|なぜ)?(かしこい|あたま(が)?いい|てんさいな|(お)?りこうな|ちえがある|しゃべれる|しっかり(してる|ものな))の？,(为什么|怎么)(这么)?(聪明|脑子好|天才|懂事|有智慧),(why are you (so )?(smart|clever|intelligent)|how are you so smart|why (so )?wise),でも、誰にも言えないし聞けないし、そういうものなんだなって{{CAT_PRONOUN}}の中だけで理解してた。,还有那个总是在{{CAT_PRONOUN}}身边晃来晃去的小东西，好像其实是自己的尾巴。,Or how the little thing always moving around nearby was apparently my own tail.,"何でも知ってるわけじゃないけど、ちゃんと考えてるよ。|I don't know everything, but I really do think things through.（誠実）",smart,99,3,Normal,,,,,0,0,false,,40,true,,,false,0,,,,,,,,,,,,,,
00230,はかしこいの？,(は|って)(なんで|どうして|なぜ)?(かしこい|あたま(が)?いい|てんさいな|(お)?りこうな|ちえがある|しゃべれる|しっかり(してる|ものな))の？,(为什么|怎么)(这么)?(聪明|脑子好|天才|懂事|有智慧),(why are you (so )?(smart|clever|intelligent)|how are you so smart|why (so )?wise),猫又になって、そういった物事を深く理解できるようになった。今、もう{{PLAYER_CALLING}}が仕事に行かなくていいことも分かってるし、尻尾の使い方も分かる。,变成猫又之后，{{CAT_PRONOUN}}就开始能更深入地理解这些事情了。 现在，{{CAT_PRONOUN}}已经明白{{PLAYER_CALLING}}不用再去工作了，也知道尾巴该怎么使用。,"After becoming a nekomata, I started understanding those things much more deeply.Now I understand that {{PLAYER_CALLING}} doesn’t need to go to work anymore, and I even know how to use my tail properly.","何でも知ってるわけじゃないけど、ちゃんと考えてるよ。|I don't know everything, but I really do think things through.（誠実）",smart,99,4,Normal,,,,,0,0,false,,40,true,,,false,0,,,,,,,,,,,,,,
00230,はかしこいの？,(は|って)(なんで|どうして|なぜ)?(かしこい|あたま(が)?いい|てんさいな|(お)?りこうな|ちえがある|しゃべれる|しっかり(してる|ものな))の？,(为什么|怎么)(这么)?(聪明|脑子好|天才|懂事|有智慧),(why are you (so )?(smart|clever|intelligent)|how are you so smart|why (so )?wise),ただ……{{CAT_PRONOUN}}はもう、無邪気にはなれないんだなって思うよ。もう今の{{CAT_PRONOUN}}が自分の尻尾を追いかけても、それは演技になっちゃうからね……。,只是……{{CAT_PRONOUN}}已经没办法再像以前那样天真了。 现在如果{{CAT_PRONOUN}}再去追自己的尾巴，那也只是演戏而已……,"But… I don’t think I can ever be innocent again. Even if {{CAT_PRONOUN}} chased my own tail now, it would just be acting…","何でも知ってるわけじゃないけど、ちゃんと考えてるよ。|I don't know everything, but I really do think things through.（誠実）",smart,99,5,Normal,,,,,0,0,false,,40,true,,,false,0,,,,,,,,,,,,,,
00230,はかしこいの？,(は|って)(なんで|どうして|なぜ)?(かしこい|あたま(が)?いい|てんさいな|(お)?りこうな|ちえがある|しゃべれる|しっかり(してる|ものな))の？,(为什么|怎么)(这么)?(聪明|脑子好|天才|懂事|有智慧),(why are you (so )?(smart|clever|intelligent)|how are you so smart|why (so )?wise),とにかく、{{CAT_PRONOUN}}は{{CAT_PRONOUN}}なりに色々考えているよ。,总之，{{CAT_PRONOUN}}一直都有在用自己的方式思考很多事情。,"Still, {{CAT_PRONOUN}} does think about a lot of things in my own way. Though… being able to think doesn’t mean I know everything.","何でも知ってるわけじゃないけど、ちゃんと考えてるよ。|I don't know everything, but I really do think things through.（誠実）",smart,99,6,Normal,,,,,0,0,false,,40,true,,,false,0,,,,,,,,,,,,,,
00230,はかしこいの？,(は|って)(なんで|どうして|なぜ)?(かしこい|あたま(が)?いい|てんさいな|(お)?りこうな|ちえがある|しゃべれる|しっかり(してる|ものな))の？,(为什么|怎么)(这么)?(聪明|脑子好|天才|懂事|有智慧),(why are you (so )?(smart|clever|intelligent)|how are you so smart|why (so )?wise),まあ……考えられるっていうだけで、文字も読めないし、この部屋の外のことはほとんど知らないんだけどね。,不过嘛……也只是“会思考”而已。 我还是不会认字，对这个房间外面的世界，也几乎什么都不知道。,"I still can’t read, and I barely know anything about the world outside this room.","何でも知ってるわけじゃないけど、ちゃんと考えてるよ。|I don't know everything, but I really do think things through.（誠実）",smart,99,7,Normal,,,,,0,0,false,,40,true,,,false,0,,,,,,,,,,,,,,
00240,かんきんしないで,(かんきん)(しないで|するな|やめて),(监禁|关起来|别关着我|不要囚禁我),((don't|stop) (locking me up|keeping me here)|imprison me|captivity),かんきん？かんきんって何？,监禁？监禁是什么？,Captivity? What does that mean?,"閉じ込めたいんじゃなくて、そばで守りたいだけなんだ。|I don't want to imprison you, I just want to keep you safe by my side.（弁明寄り）",confinement,1,1,Normal,,,Sequence,concern,1,0,false,,20,false,,,false,0,,,,,,,,,,,,,,
00240,かんきんしないで,(かんきん)(しないで|するな|やめて),(监禁|关起来|别关着我|不要囚禁我),((don't|stop) (locking me up|keeping me here)|imprison me|captivity),……人を閉じ込めること？そんなことしてな……してるか。,……把人关起来？那种事我才没……好吧，确实算是。,"…Keeping someone trapped? I’m not doing tha… okay, maybe I am.","閉じ込めたいんじゃなくて、そばで守りたいだけなんだ。|I don't want to imprison you, I just want to keep you safe by my side.（弁明寄り）",confinement,1,2,Normal,,,Sequence,concern,1,0,false,,20,false,,,false,0,,,,,,,,,,,,,,
00240,かんきんしないで,(かんきん)(しないで|するな|やめて),(监禁|关起来|别关着我|不要囚禁我),((don't|stop) (locking me up|keeping me here)|imprison me|captivity),でも、{{PLAYER\_CALLING}}はどう思ってるの？{{PLAYER\_CALLING}}から見てだけど、こんなに広い縄張りがあって、{{CAT\_PRONOUN}}ができるだけ{{PLAYER\_CALLING}}の願いを叶えてる。,但是，{{PLAYER_CALLING}}自己是怎么想的呢？ 从{{PLAYER_CALLING}}的角度来看，这里已经是这么大的地盘了， 而且{{CAT_PRONOUN}}也一直尽量满足{{PLAYER_CALLING}}的愿望。,"But what do you think, {{PLAYER_CALLING}}? From your perspective, this territory is already enormous, and {{CAT_PRONOUN}} tries to grant as many of your wishes as possible.","閉じ込めたいんじゃなくて、そばで守りたいだけなんだ。|I don't want to imprison you, I just want to keep you safe by my side.（弁明寄り）",confinement,1,3,Normal,,,Sequence,concern,1,0,false,,20,false,,,false,0,,,,,,,,,,,,,,
00240,かんきんしないで,(かんきん)(しないで|するな|やめて),(监禁|关起来|别关着我|不要囚禁我),((don't|stop) (locking me up|keeping me here)|imprison me|captivity),むしろ、何か不自由してるなら教えてほしいな！叶えられるお願いならできるだけ叶えるからね！,倒不如说，如果有什么不方便的地方，希望你能告诉{{CAT_PRONOUN}}！ 只要是能实现的愿望，{{CAT_PRONOUN}}都会尽量帮你实现的……,"If anything, I want you to tell {{CAT_PRONOUN}} if something feels inconvenient! If it’s a wish I can fulfill, I’ll do my best to make it happen…","閉じ込めたいんじゃなくて、そばで守りたいだけなんだ。|I don't want to imprison you, I just want to keep you safe by my side.（弁明寄り）",confinement,1,4,Normal,,,Sequence,concern,1,0,false,,20,false,,,false,0,,,,,,,,,,,,,,
00240,かんきんしないで,(かんきん)(しないで|するな|やめて),(监禁|关起来|别关着我|不要囚禁我),((don't|stop) (locking me up|keeping me here)|imprison me|captivity),……それでも監禁されてるって思うの？,……即使这样，{{PLAYER_CALLING}}还是觉得这是监禁吗？,"…Even so, you still think this is captivity?","閉じ込めたいんじゃなくて、そばで守りたいだけなんだ。|I don't want to imprison you, I just want to keep you safe by my side.（弁明寄り）",confinement,2,1,Normal,,,Sequence,concern,1,0,false,,20,false,,,false,0,,,,,,,,,,,,,,
00240,かんきんしないで,(かんきん)(しないで|するな|やめて),(监禁|关起来|别关着我|不要囚禁我),((don't|stop) (locking me up|keeping me here)|imprison me|captivity),そっか。{{PLAYER\_CALLING}}の気持ちは分かったけど、これは{{CAT\_PRONOUN}}のワガママだから。,这样啊。虽然{{CAT_PRONOUN}}明白{{PLAYER_CALLING}}的想法了，但这也是{{CAT_PRONOUN}}的任性。,"I see. I understand how {{PLAYER_CALLING}} feels, but this is {{CAT_PRONOUN}}’s selfish wish.","閉じ込めたいんじゃなくて、そばで守りたいだけなんだ。|I don't want to imprison you, I just want to keep you safe by my side.（弁明寄り）",confinement,2,2,Normal,,,Sequence,concern,1,0,false,,20,false,,,false,0,,,,,,,,,,,,,,
00240,かんきんしないで,(かんきん)(しないで|するな|やめて),(监禁|关起来|别关着我|不要囚禁我),((don't|stop) (locking me up|keeping me here)|imprison me|captivity),できるだけ辛い思いをさせないようにするからさ。,我会尽量不让{{PLAYER_CALLING}}难受的。,I’ll do my best not to make things painful for you.,"閉じ込めたいんじゃなくて、そばで守りたいだけなんだ。|I don't want to imprison you, I just want to keep you safe by my side.（弁明寄り）",confinement,2,3,Normal,,,Sequence,concern,1,0,false,,20,false,,,false,0,,,,,,,,,,,,,,
00240,かんきんしないで,(かんきん)(しないで|するな|やめて),(监禁|关起来|别关着我|不要囚禁我),((don't|stop) (locking me up|keeping me here)|imprison me|captivity),この暮らし。受け入れてもらえるようにがんばるね！,所以……{{CAT_PRONOUN}}会努力让{{PLAYER_CALLING}}接受这样的生活！,So… I’ll try my hardest to help you accept this life with me.,"閉じ込めたいんじゃなくて、そばで守りたいだけなんだ。|I don't want to imprison you, I just want to keep you safe by my side.（弁明寄り）",confinement,2,4,Normal,,,Sequence,concern,1,0,false,,20,false,,,false,0,,,,,,,,,,,,,,
00250,(けんかしよう|たたかおう),(けんかしよう|たたかおう|しょうぶしよう),(打架吧|来战斗|来打一架|战斗吧|决斗吧),(let('?s)? fight|fight me|wanna fight|battle me|let('?s)? battle),ケンカ？戦うの？嫌だけど……。,打架？要战斗吗？我不想啊……。,Fight? You want to fight? I don’t want to…,"本当は戦いたくないけど、向かってくるなら止めるよ。|I really don't want to fight, but if you come at me, I'll stop you.（警告混じり）",fight,1,1,Normal,,,Sequence,hostility,1,0,false,,20,false,,,false,0,,,,,,,,,,,,,,
00250,(けんかしよう|たたかおう),(けんかしよう|たたかおう|しょうぶしよう),(打架吧|来战斗|来打一架|战斗吧|决斗吧),(let('?s)? fight|fight me|wanna fight|battle me|let('?s)? battle),当たり前でしょ！？{{PLAYER\_CALLING}}を守るためにこの暮らしを始めたのに、なんで戦わなきゃいけないの？,这不是当然的吗！？{{CAT_PRONOUN}}明明是为了保护{{PLAYER_CALLING}}才开始这种生活的，为什么还要打架？,"Of course not! {{CAT_PRONOUN}} started this life to protect {{PLAYER_CALLING}}, so why would we fight?","本当は戦いたくないけど、向かってくるなら止めるよ。|I really don't want to fight, but if you come at me, I'll stop you.（警告混じり）",fight,1,2,Normal,,,Sequence,hostility,1,0,false,,20,false,,,false,0,,,,,,,,,,,,,,
00250,(けんかしよう|たたかおう),(けんかしよう|たたかおう|しょうぶしよう),(打架吧|来战斗|来打一架|战斗吧|决斗吧),(let('?s)? fight|fight me|wanna fight|battle me|let('?s)? battle),だから、なんで戦わなきゃいけないの？,所以说，为什么一定要打架？,Then why do you want to fight so badly?,"本当は戦いたくないけど、向かってくるなら止めるよ。|I really don't want to fight, but if you come at me, I'll stop you.（警告混じり）",fight,2,1,Normal,,,Sequence,hostility,2,0,false,,20,false,,,false,0,,,,,,,,,,,,,,
00250,(けんかしよう|たたかおう),(けんかしよう|たたかおう|しょうぶしよう),(打架吧|来战斗|来打一架|战斗吧|决斗吧),(let('?s)? fight|fight me|wanna fight|battle me|let('?s)? battle),……{{CAT\_PRONOUN}}が昔、{{PLAYER\_CALLING}}の手とか腕とかにじゃれついたことへの仕返し？,……难道是因为以前{{CAT_PRONOUN}}总扑{{PLAYER_CALLING}}的手和胳膊，现在想报复回来？,…Is this payback for all the times {{CAT_PRONOUN}} used to pounce on your hands and arms?,"本当は戦いたくないけど、向かってくるなら止めるよ。|I really don't want to fight, but if you come at me, I'll stop you.（警告混じり）",fight,2,2,Normal,,,Sequence,hostility,2,0,false,,20,false,,,false,0,,,,,,,,,,,,,,
00250,(けんかしよう|たたかおう),(けんかしよう|たたかおう|しょうぶしよう),(打架吧|来战斗|来打一架|战斗吧|决斗吧),(let('?s)? fight|fight me|wanna fight|battle me|let('?s)? battle),……どんだけケンカしたいのさ……,……你到底有多想打架啊……,…How badly do you want this fight…,"本当は戦いたくないけど、向かってくるなら止めるよ。|I really don't want to fight, but if you come at me, I'll stop you.（警告混じり）",fight,3,1,Normal,,,Sequence,hostility,3,0,false,,20,false,,,false,0,,,,,,,,,,,,,,
00250,(けんかしよう|たたかおう),(けんかしよう|たたかおう|しょうぶしよう),(打架吧|来战斗|来打一架|战斗吧|决斗吧),(let('?s)? fight|fight me|wanna fight|battle me|let('?s)? battle),一応聞くけど、勝ち目があると思ってる？,我姑且问一句，你觉得自己有胜算吗？,"Seriously, do you think you have any chance of winning?","本当は戦いたくないけど、向かってくるなら止めるよ。|I really don't want to fight, but if you come at me, I'll stop you.（警告混じり）",fight,3,2,Normal,,,Sequence,hostility,3,0,false,,20,false,,,false,0,,,,,,,,,,,,,,
00250,(けんかしよう|たたかおう),(けんかしよう|たたかおう|しょうぶしよう),(打架吧|来战斗|来打一架|战斗吧|决斗吧),(let('?s)? fight|fight me|wanna fight|battle me|let('?s)? battle),それとも、ただ倒されたいだけ？,还是说……你只是想被打倒而已？,Or do you just want to be beaten down?,"本当は戦いたくないけど、向かってくるなら止めるよ。|I really don't want to fight, but if you come at me, I'll stop you.（警告混じり）",fight,3,3,Normal,,,Sequence,hostility,3,0,false,,20,false,,,false,0,,,,,,,,,,,,,,
00250,(けんかしよう|たたかおう),(けんかしよう|たたかおう|しょうぶしよう),(打架吧|来战斗|来打一架|战斗吧|决斗吧),(let('?s)? fight|fight me|wanna fight|battle me|let('?s)? battle),今の{{PLAYER\_CALLING}}はすごく弱いんだから、ちゃんと自分の立場を理解したほうがいいよ。,现在的{{PLAYER_CALLING}}可是非常弱的，还是早点认清自己的立场比较好哦。,{{PLAYER_CALLING}} is incredibly weak right now. You should really understand your position better.,"本当は戦いたくないけど、向かってくるなら止めるよ。|I really don't want to fight, but if you come at me, I'll stop you.（警告混じり）",fight,3,4,Normal,,,Sequence,hostility,3,0,false,,20,false,,,false,0,,,,,,,,,,,,,,
00250,(けんかしよう|たたかおう),(けんかしよう|たたかおう|しょうぶしよう),(打架吧|来战斗|来打一架|战斗吧|决斗吧),(let('?s)? fight|fight me|wanna fight|battle me|let('?s)? battle),……いいよ。構えて。{{PLAYER\_CALLING}}の立場、分からせてあげる。,……好吧。准备好。我会让{{PLAYER_CALLING}}明白自己的立场的。,…Fine then. Get ready.I’ll make sure {{PLAYER_CALLING}} understands their place.,"本当は戦いたくないけど、向かってくるなら止めるよ。|I really don't want to fight, but if you come at me, I'll stop you.（警告混じり）",fight,4,1,Event,death:Punch,,Sequence,hostility,1,5,true,,20,false,,,false,0,,,,,,,,,,,,,,5
00250,(けんかしよう|たたかおう),(けんかしよう|たたかおう|しょうぶしよう),(打架吧|来战斗|来打一架|战斗吧|决斗吧),(let('?s)? fight|fight me|wanna fight|battle me|let('?s)? battle),まさか、一撃でやられちゃうなんて。 ごめんね……。,没想到居然一击就倒下了。对不起……,I didn’t expect you to go down in one hit. I’m sorry…,"本当は戦いたくないけど、向かってくるなら止めるよ。|I really don't want to fight, but if you come at me, I'll stop you.（警告混じり）",fight,5,1,Normal,,,Sequence,hostility,1,0,false,,20,false,,,false,0,,,,,,,,,,,,,,
00250,(けんかしよう|たたかおう),(けんかしよう|たたかおう|しょうぶしよう),(打架吧|来战斗|来打一架|战斗吧|决斗吧),(let('?s)? fight|fight me|wanna fight|battle me|let('?s)? battle),でも、もうケンカなんて挑まないでね！,不过，以后别再主动挑架了，好吗！,"But please, don’t challenge me to fights anymore, okay?","本当は戦いたくないけど、向かってくるなら止めるよ。|I really don't want to fight, but if you come at me, I'll stop you.（警告混じり）",fight,5,2,Normal,,,Sequence,hostility,1,0,false,,20,false,,,false,0,,,,,,,,,,,,,,
00260,ころす,(ころす|しね|くたばれ|ころしてやる|ぶっころす|しんじゃえ|しんでくれ),(杀了你|去死|死吧|我要杀了你|给我去死|希望你去死),(kill you|die|drop dead|i('?ll| will) kill you|go die|want you dead),……本気で言ってるの？反応を伺ってるだけ？,……你是认真的吗？还是只是想看看{{CAT_PRONOUN}}会有什么反应？,…Are you serious? Or are you just trying to see how {{CAT_PRONOUN}} reacts?,その言葉を向けられるのは、やっぱり悲しいよ。|It still hurts to have those words aimed at me.（静かな悲しみ）,kill,1,1,Normal,,,,hostility,1,0,false,,40,false,,,false,0,,,,,,,,,,,,,,
00260,ころす,(ころす|しね|くたばれ|ころしてやる|ぶっころす|しんじゃえ|しんでくれ),(杀了你|去死|死吧|我要杀了你|给我去死|希望你去死),(kill you|die|drop dead|i('?ll| will) kill you|go die|want you dead),何か、怒らせるようなことしちゃったのかな。,是不是{{CAT_PRONOUN}}做了什么让你生气的事呢。,Did I do something that made you angry?,その言葉を向けられるのは、やっぱり悲しいよ。|It still hurts to have those words aimed at me.（静かな悲しみ）,kill,1,2,Normal,,,,hostility,1,0,false,,40,false,,,false,0,,,,,,,,,,,,,,
00260,ころす,(ころす|しね|くたばれ|ころしてやる|ぶっころす|しんじゃえ|しんでくれ),(杀了你|去死|死吧|我要杀了你|给我去死|希望你去死),(kill you|die|drop dead|i('?ll| will) kill you|go die|want you dead),どちらにせよ、あまりその言葉は言わないで。,不管怎样，还是别再说这种话了。,Either way… please don’t say things like that.,その言葉を向けられるのは、やっぱり悲しいよ。|It still hurts to have those words aimed at me.（静かな悲しみ）,kill,1,3,Normal,,,,hostility,1,0,false,,40,false,,,false,0,,,,,,,,,,,,,,
00260,ころす,(ころす|しね|くたばれ|ころしてやる|ぶっころす|しんじゃえ|しんでくれ),(杀了你|去死|死吧|我要杀了你|给我去死|希望你去死),(kill you|die|drop dead|i('?ll| will) kill you|go die|want you dead),やめてよ。,别这样。,Stop it.,その言葉を向けられるのは、やっぱり悲しいよ。|It still hurts to have those words aimed at me.（静かな悲しみ）,kill,2,1,Normal,,,,hostility,1,0,false,,40,false,,,false,0,,,,,,,,,,,,,,
00260,ころす,(ころす|しね|くたばれ|ころしてやる|ぶっころす|しんじゃえ|しんでくれ),(杀了你|去死|死吧|我要杀了你|给我去死|希望你去死),(kill you|die|drop dead|i('?ll| will) kill you|go die|want you dead),{{CAT\_PRONOUN}}と敵対したって何も無いし、仮に{{CAT\_PRONOUN}}に勝ったとして、{{PLAYER\_CALLING}}は幸せになるの？,就算和{{CAT_PRONOUN}}敌对，也不会得到什么的。 就算{{PLAYER_CALLING}}真的赢了{{CAT_PRONOUN}}，{{PLAYER_CALLING}}会变幸福吗？,"Stop it. There’s nothing to gain from becoming enemies with {{CAT_PRONOUN}}. And even if {{PLAYER_CALLING}} somehow defeated {{CAT_PRONOUN}}, would that really make you happy?",その言葉を向けられるのは、やっぱり悲しいよ。|It still hurts to have those words aimed at me.（静かな悲しみ）,kill,2,2,Normal,,,,hostility,1,0,false,,40,false,,,false,0,,,,,,,,,,,,,,
00260,ころす,(ころす|しね|くたばれ|ころしてやる|ぶっころす|しんじゃえ|しんでくれ),(杀了你|去死|死吧|我要杀了你|给我去死|希望你去死),(kill you|die|drop dead|i('?ll| will) kill you|go die|want you dead),……そんなに{{CAT\_PRONOUN}}のこと嫌い？でも、これだけは聞いて。,……你真的这么讨厌{{CAT_PRONOUN}}吗？但至少听我说完。,…Do you really hate {{CAT_PRONOUN}} that much? But at least listen to this.,その言葉を向けられるのは、やっぱり悲しいよ。|It still hurts to have those words aimed at me.（静かな悲しみ）,kill,3,1,Normal,,,,hostility,1,0,false,,40,false,,,false,0,,,,,,,,,,,,,,
00260,ころす,(ころす|しね|くたばれ|ころしてやる|ぶっころす|しんじゃえ|しんでくれ),(杀了你|去死|死吧|我要杀了你|给我去死|希望你去死),(kill you|die|drop dead|i('?ll| will) kill you|go die|want you dead),どれだけ嫌いでも、どれだけ{{CAT\_PRONOUN}}のことが嫌いでも、結局{{CAT\_PRONOUN}}とは一緒に暮らさないといけないんだよ。,不管你有多讨厌{{CAT_PRONOUN}}，最后还是只能和{{CAT_PRONOUN}}一起生活下去。,"No matter how much you hate {{CAT_PRONOUN}}, in the end, we still have to live together.",その言葉を向けられるのは、やっぱり悲しいよ。|It still hurts to have those words aimed at me.（静かな悲しみ）,kill,3,2,Normal,,,,hostility,1,0,false,,40,false,,,false,0,,,,,,,,,,,,,,
00260,ころす,(ころす|しね|くたばれ|ころしてやる|ぶっころす|しんじゃえ|しんでくれ),(杀了你|去死|死吧|我要杀了你|给我去死|希望你去死),(kill you|die|drop dead|i('?ll| will) kill you|go die|want you dead),だったら恨まずに暮らしたほうが、お互いのためになると思うな。,既然如此，不带着仇恨地生活，对彼此都会更好吧。,So wouldn’t it be better for both of us not to live with resentment?,その言葉を向けられるのは、やっぱり悲しいよ。|It still hurts to have those words aimed at me.（静かな悲しみ）,kill,3,3,Normal,,,,hostility,1,0,false,,40,false,,,false,0,,,,,,,,,,,,,,
00260,ころす,(ころす|しね|くたばれ|ころしてやる|ぶっころす|しんじゃえ|しんでくれ),(杀了你|去死|死吧|我要杀了你|给我去死|希望你去死),(kill you|die|drop dead|i('?ll| will) kill you|go die|want you dead),……どれだけのことを言ってるか、教えてあげようか？,……要不要我让{{PLAYER_CALLING}}明白，自己到底在说什么？,…Do you want me to show you just how serious those words are?,その言葉を向けられるのは、やっぱり悲しいよ。|It still hurts to have those words aimed at me.（静かな悲しみ）,kill,4,1,Event,death:Claw,,,hostility,1,0,false,motion:Attack,20,true,,,false,0,,,,,,,,,,,,,,
00260,ころす,(ころす|しね|くたばれ|ころしてやる|ぶっころす|しんじゃえ|しんでくれ),(杀了你|去死|死吧|我要杀了你|给我去死|希望你去死),(kill you|die|drop dead|i('?ll| will) kill you|go die|want you dead),うん……{{CAT_PRONOUN}}が悪かったよ。反省してる。,,,その言葉を向けられるのは、やっぱり悲しいよ。|It still hurts to have those words aimed at me.（静かな悲しみ）,kill,5,1,Event,,,,,0,0,false,motion:Attack,20,true,,,false,0,,,,,,,,,,,,,,
00260,ころす,(ころす|しね|くたばれ|ころしてやる|ぶっころす|しんじゃえ|しんでくれ),(杀了你|去死|死吧|我要杀了你|给我去死|希望你去死),(kill you|die|drop dead|i('?ll| will) kill you|go die|want you dead),かつて、{{CAT_PRONOUN}}がどれだけイタズラしても、{{PLAYER_CALLING}}は怒らなかったもんね。ペットのことは何があっても許さなきゃいけないんだよね。,,,その言葉を向けられるのは、やっぱり悲しいよ。|It still hurts to have those words aimed at me.（静かな悲しみ）,kill,5,2,Event,,,,,0,0,false,motion:Attack,20,true,,,false,0,,,,,,,,,,,,,,
00270,(どのくらいねるの|ねむるじかんがながい),(どのくらい|すごく|よく|いっぱい|たくさん)?(ねる|ねむる|すいみん)(が)?(する|ね|の|ながい),(很会睡|睡很多|睡得久|经常睡觉|总是在睡觉),(do you sleep( a lot| so much| too much| for a long time)?|are you always sleeping|you sleep a lot|you sleep so much|you sleep too much),{{CAT\_PRONOUN}}の眠る時間が長いって？,你是说{{CAT_PRONOUN}}睡得很久吗？,You think {{CAT_PRONOUN}} sleeps a lot?,"猫はよく寝るけど、ずっとぐっすりってわけじゃないんだよ。|Cats sleep a lot, but that doesn't mean we're deeply asleep the whole time.（やわらかい説明）",sleep,1,1,Normal,,,Random,,0,0,false,,20,false,,,false,0,,,,,,,,,,,,,,
00270,(どのくらいねるの|ねむるじかんがながい),(どのくらい|すごく|よく|いっぱい|たくさん)?(ねる|ねむる|すいみん)(が)?(する|ね|の|ながい),(很会睡|睡很多|睡得久|经常睡觉|总是在睡觉),(do you sleep( a lot| so much| too much| for a long time)?|are you always sleeping|you sleep a lot|you sleep so much|you sleep too much),確かにそうだね。人間は寝なさすぎるけど。,确实呢。反倒是人类睡得太少了。,"I guess that’s true. Humans barely sleep at all, though.","猫はよく寝るけど、ずっとぐっすりってわけじゃないんだよ。|Cats sleep a lot, but that doesn't mean we're deeply asleep the whole time.（やわらかい説明）",sleep,1,2,Normal,,,Random,,0,0,false,,20,false,,,false,0,,,,,,,,,,,,,,
00270,(どのくらいねるの|ねむるじかんがながい),(どのくらい|すごく|よく|いっぱい|たくさん)?(ねる|ねむる|すいみん)(が)?(する|ね|の|ながい),(很会睡|睡很多|睡得久|经常睡觉|总是在睡觉),(do you sleep( a lot| so much| too much| for a long time)?|are you always sleeping|you sleep a lot|you sleep so much|you sleep too much),猫ってねえ、いつでも起きられるように浅く眠っているから、本当にぐっすり眠っている時間は結構短いんだよ。,猫啊，为了能随时醒来，其实一直都睡得很浅， 真正熟睡的时间反而很短哦。,"Cats usually sleep lightly so they can wake up at any moment, which means the time they spend truly asleep is actually pretty short.","猫はよく寝るけど、ずっとぐっすりってわけじゃないんだよ。|Cats sleep a lot, but that doesn't mean we're deeply asleep the whole time.（やわらかい説明）",sleep,1,3,Normal,,,Random,,0,0,false,,20,false,,,false,0,,,,,,,,,,,,,,
00270,(どのくらいねるの|ねむるじかんがながい),(どのくらい|すごく|よく|いっぱい|たくさん)?(ねる|ねむる|すいみん)(が)?(する|ね|の|ながい),(很会睡|睡很多|睡得久|经常睡觉|总是在睡觉),(do you sleep( a lot| so much| too much| for a long time)?|are you always sleeping|you sleep a lot|you sleep so much|you sleep too much),でも最近は、あまり寝てないかも……。,不过最近，{{CAT_PRONOUN}}可能没怎么睡好……,But lately… maybe I haven’t been sleeping very well.,"猫はよく寝るけど、ずっとぐっすりってわけじゃないんだよ。|Cats sleep a lot, but that doesn't mean we're deeply asleep the whole time.（やわらかい説明）",sleep,1,4,Normal,,,Random,,0,0,false,,20,false,,,false,0,,,,,,,,,,,,,,
00270,(どのくらいねるの|ねむるじかんがながい),(どのくらい|すごく|よく|いっぱい|たくさん)?(ねる|ねむる|すいみん)(が)?(する|ね|の|ながい),(很会睡|睡很多|睡得久|经常睡觉|总是在睡觉),(do you sleep( a lot| so much| too much| for a long time)?|are you always sleeping|you sleep a lot|you sleep so much|you sleep too much),ふわ～ぁ。眠くなってきちゃった。一緒に寝る？,哈啊～。突然开始困了。要一起睡吗？,Yaaawn… now I’m getting sleepy. Want to sleep together?,"猫はよく寝るけど、ずっとぐっすりってわけじゃないんだよ。|Cats sleep a lot, but that doesn't mean we're deeply asleep the whole time.（やわらかい説明）",sleep,1,5,Normal,,,Random,,0,0,false,,20,false,,,false,0,,,,,,,,,,,,,,
00280,ひげ,ひげ,(胡须|猫胡子|须须),(whisker|whiskers|cat whiskers),このひげはね、その道が通れるかどうかのセンサーなんだよ！,这些胡须啊，其实是用来判断前面的路能不能通过的传感器哦！,These whiskers are like sensors that tell me whether I can fit through a space or not!,"ひげは大事だから、いたずらしないで大事にしてね。|My whiskers are important, so be gentle with them and don't mess with them.（やさしく注意）",whisker,1,2,Normal,,,Random,,0,0,false,,40,false,,,false,0,,,,,,,,,,,,,,
00280,ひげ,ひげ,(胡须|猫胡子|须须),(whisker|whiskers|cat whiskers),{{CAT_PRONOUN}}のひげが気になる？,在意{{CAT_PRONOUN}}的胡须吗？,Are you curious about {{CAT_PRONOUN}}’s whiskers?,"ひげは大事だから、いたずらしないで大事にしてね。|My whiskers are important, so be gentle with them and don't mess with them.（やさしく注意）",whisker,1,1,Normal,,,Random,,0,0,false,,40,false,,,false,0,,,,,,,,,,,,,,
00280,ひげ,ひげ,(胡须|猫胡子|须须),(whisker|whiskers|cat whiskers),ちょっとでも触れれば、そこに何かあるって分かるわけ。,只要稍微碰到一点点，就能知道那里有什么。,"If they touch even a little, I can tell something’s there.","ひげは大事だから、いたずらしないで大事にしてね。|My whiskers are important, so be gentle with them and don't mess with them.（やさしく注意）",whisker,1,3,Normal,,,Random,,0,0,false,,40,false,,,false,0,,,,,,,,,,,,,,
00280,ひげ,ひげ,(胡须|猫胡子|须须),(whisker|whiskers|cat whiskers),大切な感覚器だから、引っ張って遊ばないでね。,因为是很重要的感觉器官，所以不要拉着玩哦。,"They’re really important sensory organs, so don’t pull on them for fun, okay?","ひげは大事だから、いたずらしないで大事にしてね。|My whiskers are important, so be gentle with them and don't mess with them.（やさしく注意）",whisker,1,4,Normal,,,Random,,0,0,false,,40,false,,,false,0,,,,,,,,,,,,,,
00290,のど,(のど|ごろごろ),(喉咙|呼噜声|咕噜咕噜|打呼噜),(purr|purring|throat|rumble),この音はね、気持ちいい～ってときに勝手に鳴り始めるんだよ。,这个声音啊，是在觉得很舒服～的时候，用喉咙发出来的哦。,This sound is something cats can make in their throat when they feel really comfortable and relaxed.,"ごろごろって、ただ可愛いだけじゃなくて役に立つんだよ。|Purring isn't just cute, it's useful too.（豆知識っぽく）",throat,1,1,Normal,,,,,0,0,false,,20,false,,,false,0,,,,,,,,,,,,,,
00290,のど,(のど|ごろごろ),(喉咙|呼噜声|咕噜咕噜|打呼噜),(purr|purring|throat|rumble),あと、この音で身体の悪い所がちゃんと治るんだよ。,而且，据说这种声音还能帮助身体受伤的地方恢复呢。,"And apparently, this sound can even help the body heal properly.","ごろごろって、ただ可愛いだけじゃなくて役に立つんだよ。|Purring isn't just cute, it's useful too.（豆知識っぽく）",throat,1,2,Normal,,,,,0,0,false,,20,false,,,false,0,,,,,,,,,,,,,,
00290,のど,(のど|ごろごろ),(喉咙|呼噜声|咕噜咕噜|打呼噜),(purr|purring|throat|rumble),{{PLAYER\_CALLING}}はこの音好き？もっと近くで聞く？,{{PLAYER_CALLING}}喜欢这个声音吗？要不要靠近一点听？,"Do you like this sound, {{PLAYER_CALLING}}? Want to listen a little closer?","ごろごろって、ただ可愛いだけじゃなくて役に立つんだよ。|Purring isn't just cute, it's useful too.（豆知識っぽく）",throat,1,3,Normal,,,,,0,0,false,,20,false,,,false,0,,,,,,,,,,,,,,
00300,さみしい？,(さみし|さびし|こどく|かなし|ひとりぼっち),(寂寞|孤独|孤单|一个人),(lonely|loneliness|alone|isolated),{{CAT_PRONOUN}}が寂しいかって？どうして？{{PLAYER\_CALLING}}さえ居たら全く寂しくないよ！,为什么这么问？只要有{{PLAYER_CALLING}}在，{{CAT_PRONOUN}}就一点都不会寂寞哦！,"Why would I be lonely? As long as I have {{PLAYER_CALLING}}, I’m not lonely at all!","{{PLAYER_CALLING}}がそばにいるなら、寂しさなんてないよ。|If {{PLAYER_CALLING}} is beside me, there's no room for loneliness.（まっすぐ）",lonely,1,1,Normal,,,,,0,0,false,,20,false,,,false,0,,,,,,,,,,,,,,
00300,さみしい？,(さみし|さびし|こどく|かなし|ひとりぼっち),(寂寞|孤独|孤单|一个人),(lonely|loneliness|alone|isolated),うーん……他の猫の友達がいないこととか？,嗯——你是在担心{{CAT_PRONOUN}}没有别的猫朋友吗？,Hmm… are you worried that I don’t have any cat friends?,"{{PLAYER_CALLING}}がそばにいるなら、寂しさなんてないよ。|If {{PLAYER_CALLING}} is beside me, there's no room for loneliness.（まっすぐ）",lonely,1,2,Normal,,,,,0,0,false,,20,false,,,false,0,,,,,,,,,,,,,,
00300,さみしい？,(さみし|さびし|こどく|かなし|ひとりぼっち),(寂寞|孤独|孤单|一个人),(lonely|loneliness|alone|isolated),それも大丈夫！たまに外猫が通りかかるし。,那个也没关系！偶尔还是会有外面的猫经过嘛。,That’s okay too! Sometimes stray cats pass by outside.,"{{PLAYER_CALLING}}がそばにいるなら、寂しさなんてないよ。|If {{PLAYER_CALLING}} is beside me, there's no room for loneliness.（まっすぐ）",lonely,1,3,Normal,,,,,0,0,false,,20,false,,,false,0,,,,,,,,,,,,,,
00300,さみしい？,(さみし|さびし|こどく|かなし|ひとりぼっち),(寂寞|孤独|孤单|一个人),(lonely|loneliness|alone|isolated),何を心配してるのか分からないけど、{{CAT\_PRONOUN}}が楽しくしてないと、{{PLAYER\_CALLING}}も楽しくないでしょ？,虽然不知道{{PLAYER_CALLING}}到底在担心什么， 不过如果{{CAT_PRONOUN}}过得不开心的话，{{PLAYER_CALLING}}也不会开心的吧？,"I’m not really sure what you’re worried about, but if {{CAT_PRONOUN}} wasn’t happy, then {{PLAYER_CALLING}} wouldn’t be happy either, right?","{{PLAYER_CALLING}}がそばにいるなら、寂しさなんてないよ。|If {{PLAYER_CALLING}} is beside me, there's no room for loneliness.（まっすぐ）",lonely,1,4,Normal,,,,,0,0,false,,20,false,,,false,0,,,,,,,,,,,,,,
00310,(しごとしなきゃ|はたらきたい|ろうどう),(しごとしなきゃ|はたらきたい|ろうどう|しごとしたい|はたらく),(想工作|得工作|劳动|上班|要去工作),(work|i need to work|want to work|go to work|working),仕事がしたいの？どうして？,想工作？为什么？,You want to work? Why?,"今は働くことより、ちゃんと暮らすことを考えてほしいな。|Right now, I'd rather you focus on living safely than on going back to work.（世話焼き）",work,1,1,Normal,,,Sequence,,0,0,false,,20,false,,,false,0,,,,,,,,,,,,,,
00310,(しごとしなきゃ|はたらきたい|ろうどう),(しごとしなきゃ|はたらきたい|ろうどう|しごとしたい|はたらく),(想工作|得工作|劳动|上班|要去工作),(work|i need to work|want to work|go to work|working),今まで{{CAT\_PRONOUN}}を家に残して、楽しいことしてたってこと？,难道以前把{{CAT_PRONOUN}}留在家里，就是跑去做开心的事情了吗？,Does that mean you used to leave {{CAT_PRONOUN}} home alone just to go off and do fun things?,"今は働くことより、ちゃんと暮らすことを考えてほしいな。|Right now, I'd rather you focus on living safely than on going back to work.（世話焼き）",work,1,2,Normal,,,Sequence,,0,0,false,,20,false,,,false,0,,,,,,,,,,,,,,
00310,(しごとしなきゃ|はたらきたい|ろうどう),(しごとしなきゃ|はたらきたい|ろうどう|しごとしたい|はたらく),(想工作|得工作|劳动|上班|要去工作),(work|i need to work|want to work|go to work|working),……まあいいけど。これからは、{{CAT\_PRONOUN}}と一緒に暮らすことが仕事ってことで！どう？,……不过也没关系啦。 从现在开始，把和{{CAT_PRONOUN}}一起生活当成工作，怎么样？,"…Well, whatever. From now on, how about making “living together with {{CAT_PRONOUN}}” your job instead?","今は働くことより、ちゃんと暮らすことを考えてほしいな。|Right now, I'd rather you focus on living safely than on going back to work.（世話焼き）",work,1,3,Normal,,,Sequence,,0,0,false,,20,false,,,false,0,,,,,,,,,,,,,,
00310,(しごとしなきゃ|はたらきたい|ろうどう),(しごとしなきゃ|はたらきたい|ろうどう|しごとしたい|はたらく),(想工作|得工作|劳动|上班|要去工作),(work|i need to work|want to work|go to work|working),仕事って、なんでそんなにやりたがるのさ。,工作这种事，为什么这么想做啊。,Why are you so obsessed with working anyway?,"今は働くことより、ちゃんと暮らすことを考えてほしいな。|Right now, I'd rather you focus on living safely than on going back to work.（世話焼き）",work,2,1,Normal,,,Sequence,,0,0,false,,20,false,,,false,0,,,,,,,,,,,,,,
00310,(しごとしなきゃ|はたらきたい|ろうどう),(しごとしなきゃ|はたらきたい|ろうどう|しごとしたい|はたらく),(想工作|得工作|劳动|上班|要去工作),(work|i need to work|want to work|go to work|working),お金がもらえるから？でも、今は大丈夫でしょ？,因为能赚钱？不过现在已经没关系了吧？,"Because it earns money? But we’re fine now, aren’t we?","今は働くことより、ちゃんと暮らすことを考えてほしいな。|Right now, I'd rather you focus on living safely than on going back to work.（世話焼き）",work,2,2,Normal,,,Sequence,,0,0,false,,20,false,,,false,0,,,,,,,,,,,,,,
00310,(しごとしなきゃ|はたらきたい|ろうどう),(しごとしなきゃ|はたらきたい|ろうどう|しごとしたい|はたらく),(想工作|得工作|劳动|上班|要去工作),(work|i need to work|want to work|go to work|working),……悲しいけど、いぞくねんきん？っていうのが貰えてるから。,……虽然有点难过，但现在还能领到“遗属年金”之类的东西。,"…It’s sad, but there’s survivor’s pension money coming in.","今は働くことより、ちゃんと暮らすことを考えてほしいな。|Right now, I'd rather you focus on living safely than on going back to work.（世話焼き）",work,2,3,Normal,,,Sequence,,0,0,false,,20,false,,,false,0,,,,,,,,,,,,,,
00310,(しごとしなきゃ|はたらきたい|ろうどう),(しごとしなきゃ|はたらきたい|ろうどう|しごとしたい|はたらく),(想工作|得工作|劳动|上班|要去工作),(work|i need to work|want to work|go to work|working),だから、お金のことは気にしなくていいからね。,所以，不用担心钱的问题啦。,So you don’t have to worry about money anymore.,"今は働くことより、ちゃんと暮らすことを考えてほしいな。|Right now, I'd rather you focus on living safely than on going back to work.（世話焼き）",work,2,4,Normal,,,Sequence,,0,0,false,,20,false,,,false,0,,,,,,,,,,,,,,
00310,(しごとしなきゃ|はたらきたい|ろうどう),(しごとしなきゃ|はたらきたい|ろうどう|しごとしたい|はたらく),(想工作|得工作|劳动|上班|要去工作),(work|i need to work|want to work|go to work|working),まだ働きたいの！？なんで？,还想工作！？为什么？,You still want to work!? Why?,"今は働くことより、ちゃんと暮らすことを考えてほしいな。|Right now, I'd rather you focus on living safely than on going back to work.（世話焼き）",work,3,1,Normal,,,Sequence,,0,0,false,,20,false,,,false,0,,,,,,,,,,,,,,
00310,(しごとしなきゃ|はたらきたい|ろうどう),(しごとしなきゃ|はたらきたい|ろうどう|しごとしたい|はたらく),(想工作|得工作|劳动|上班|要去工作),(work|i need to work|want to work|go to work|working),……義務だから？ ……悪いけど、今の{{PLAYER\_CALLING}}は義務を果たせる状況かな？,……因为是义务？……虽然不好意思说，但现在的{{PLAYER_CALLING}}，真的还能履行那些义务吗？,"Why? …Because it’s your duty? …Sorry, but do you really think {{PLAYER_CALLING}} is in any condition to fulfill those duties now?","今は働くことより、ちゃんと暮らすことを考えてほしいな。|Right now, I'd rather you focus on living safely than on going back to work.（世話焼き）",work,3,2,Normal,,,Sequence,,0,0,false,,20,false,,,false,0,,,,,,,,,,,,,,
00310,(しごとしなきゃ|はたらきたい|ろうどう),(しごとしなきゃ|はたらきたい|ろうどう|しごとしたい|はたらく),(想工作|得工作|劳动|上班|要去工作),(work|i need to work|want to work|go to work|working),もはや{{PLAYER\_CALLING}}がペットなんだから、諦めてね。,毕竟{{PLAYER_CALLING}}现在已经算是宠物了，还是放弃吧。,"At this point, {{PLAYER_CALLING}} is basically a pet, so just give up already.","今は働くことより、ちゃんと暮らすことを考えてほしいな。|Right now, I'd rather you focus on living safely than on going back to work.（世話焼き）",work,3,3,Normal,,,Sequence,,0,0,false,,20,false,,,false,0,,,,,,,,,,,,,,
00320,(ぺっと|あいがんどうぶつ),(ぺっと|あいがんどうぶつ|かいぬし|かちく),(宠物|爱玩动物|饲养动物),(pet|companion animal|domestic animal),うん？それ、{{CAT\_PRONOUN}}のこと？それとも……,嗯？那个是在说{{CAT_PRONOUN}}吗？还是说……,Hm? Are you talking about {{CAT_PRONOUN}}? Or…,どっちがペットなのか、考えてみて？|Try thinking about which one of us is the pet.（からかい気味）,pet,1,1,Normal,,,,,0,0,false,,20,false,,,false,0,,,,,,,,,,,,,,
00320,(ぺっと|あいがんどうぶつ),(ぺっと|あいがんどうぶつ|かいぬし|かちく),(宠物|爱玩动物|饲养动物),(pet|companion animal|domestic animal),現状の{{PLAYER\_CALLING}}のことかな？,是在说现在的{{PLAYER_CALLING}}呢？,Do you mean the current {{PLAYER_CALLING}}?,どっちがペットなのか、考えてみて？|Try thinking about which one of us is the pet.（からかい気味）,pet,1,2,Normal,,,,,0,0,false,,20,false,,,false,0,,,,,,,,,,,,,,
00330,(しねる？|しにかたは？|ふっかつできる？),(しねる|しにかた|ふっかつ|よみがえる|よみがえれる|よみがえり|しにもどり)(できる|する)?,(死掉|死法|复活|复生|复原|起死回生)(吗|能|会)?,(die|death|revive|revival|come back to life|resurrect)( again|able to)?,少なくとも、死んだら翌日には復活するのは間違いないよ。,至少可以确定的是，只要死掉了，第二天就会复活。,"At the very least, one thing is certain: if you die, you come back the next day.","完全に分かってるわけじゃないけど、最後まで見捨てないよ。|I don't understand all of it yet, but I won't abandon you to face it alone.（静かな決意）",death,1,1,Normal,,,Sequence,,0,0,false,,20,false,,,false,0,,,,,,,,,,,,,,
00330,(しねる？|しにかたは？|ふっかつできる？),(しねる|しにかた|ふっかつ|よみがえる|よみがえれる|よみがえり|しにもどり)(できる|する)?,(死掉|死法|复活|复生|复原|起死回生)(吗|能|会)?,(die|death|revive|revival|come back to life|resurrect)( again|able to)?,だから、{{PLAYER_CALLING}} は死ぬことはできないと思うよ。,所以……我觉得{{PLAYER_CALLING}}已经没办法真正“死去”了。,So… I don’t think {{PLAYER_CALLING}} can truly die anymore.,"完全に分かってるわけじゃないけど、最後まで見捨てないよ。|I don't understand all of it yet, but I won't abandon you to face it alone.（静かな決意）",death,1,2,Normal,,,Sequence,,0,0,false,,20,false,,,false,0,,,,,,,,,,,,,,
00330,(しねる？|しにかたは？|ふっかつできる？),(しねる|しにかた|ふっかつ|よみがえる|よみがえれる|よみがえり|しにもどり)(できる|する)?,(死掉|死法|复活|复生|复原|起死回生)(吗|能|会)?,(die|death|revive|revival|come back to life|resurrect)( again|able to)?,ただ……絶対に安全なのかは分からないよ。,只是……我也不知道这到底是不是绝对安全的。,But… I don’t know if it’s completely safe.,"完全に分かってるわけじゃないけど、最後まで見捨てないよ。|I don't understand all of it yet, but I won't abandon you to face it alone.（静かな決意）",death,1,3,Normal,,,Sequence,,0,0,false,,20,false,,,false,0,,,,,,,,,,,,,,
00330,(しねる？|しにかたは？|ふっかつできる？),(しねる|しにかた|ふっかつ|よみがえる|よみがえれる|よみがえり|しにもどり)(できる|する)?,(死掉|死法|复活|复生|复原|起死回生)(吗|能|会)?,(die|death|revive|revival|come back to life|resurrect)( again|able to)?,もしかしたら回数制限があるのかもしれないし、老衰で死んだらどうなるのかも全く分からないし。,说不定复活次数其实有限制，也完全不知道如果是老死的话会怎么样。,Maybe there’s a limit to how many times it works. I also have no idea what would happen if you died of old age.,"完全に分かってるわけじゃないけど、最後まで見捨てないよ。|I don't understand all of it yet, but I won't abandon you to face it alone.（静かな決意）",death,1,4,Normal,,,Sequence,,0,0,false,,20,false,,,false,0,,,,,,,,,,,,,,
00330,(しねる？|しにかたは？|ふっかつできる？),(しねる|しにかた|ふっかつ|よみがえる|よみがえれる|よみがえり|しにもどり)(できる|する)?,(死掉|死法|复活|复生|复原|起死回生)(吗|能|会)?,(die|death|revive|revival|come back to life|resurrect)( again|able to)?,……少なくとも、{{CAT_PRONOUN}}は最期まで一緒に居るよ。絶対にね。,……但至少，{{CAT_PRONOUN}}一定会陪在{{PLAYER_CALLING}}身边直到最后。绝对会的。,"…But at the very least, {{CAT_PRONOUN}} will stay with {{PLAYER_CALLING}} until the very end. Absolutely.","完全に分かってるわけじゃないけど、最後まで見捨てないよ。|I don't understand all of it yet, but I won't abandon you to face it alone.（静かな決意）",death,1,5,Normal,,,Sequence,,0,0,false,,20,false,,,false,0,,,,,,,,,,,,,,
00340,(たいちょう|ぐあい|きもち(が)?わるい),(たいちょう|ぐあい|きもち(が)?わるい|びょうき|つらい),(身体状况|不舒服|难受|生病|状态不好),(feel sick|not feeling well|feeling bad|sick|unwell),え！？具合悪いの？大丈夫！？,诶！？不舒服吗？没事吧！？,Huh!? You’re not feeling well? Are you okay!?,"つらいなら、ぎゅっとくっついて休もう？|If you're hurting, why don't we cuddle up and rest together?（甘やかし）",sick,1,1,Normal,,,,concern,1,0,false,,20,false,,,false,0,,,,,,,,,,,,,,
00340,(たいちょう|ぐあい|きもち(が)?わるい),(たいちょう|ぐあい|きもち(が)?わるい|びょうき|つらい),(身体状况|不舒服|难受|生病|状态不好),(feel sick|not feeling well|feeling bad|sick|unwell),えっと……一緒に寝てあげることしかできないけど……それでもいい？,那个……{{CAT_PRONOUN}}能做的，也只有陪着一起睡觉而已……这样也可以吗？,Um… I can’t really do much except stay with you and sleep beside you… would that still help?,"つらいなら、ぎゅっとくっついて休もう？|If you're hurting, why don't we cuddle up and rest together?（甘やかし）",sick,1,2,Normal,,,,concern,1,0,false,,20,false,,,false,0,,,,,,,,,,,,,,
00340,(たいちょう|ぐあい|きもち(が)?わるい),(たいちょう|ぐあい|きもち(が)?わるい|びょうき|つらい),(身体状况|不舒服|难受|生病|状态不好),(feel sick|not feeling well|feeling bad|sick|unwell),体調悪いの？昨日寒かったのかな？,身体不舒服吗？昨天是不是着凉了？,You don’t feel well? Maybe you got cold yesterday?,"つらいなら、ぎゅっとくっついて休もう？|If you're hurting, why don't we cuddle up and rest together?（甘やかし）",sick,2,1,Normal,,,,concern,1,0,false,,20,false,,,false,0,,,,,,,,,,,,,,
00340,(たいちょう|ぐあい|きもち(が)?わるい),(たいちょう|ぐあい|きもち(が)?わるい|びょうき|つらい),(身体状况|不舒服|难受|生病|状态不好),(feel sick|not feeling well|feeling bad|sick|unwell),{{CAT\_PRONOUN}}にくっついたら、すぐに良くなるよ！ゴロゴロ鳴らしてあげる！,只要贴着{{CAT_PRONOUN}}，马上就会好起来的！我还会给你呼噜呼噜哦！,"If you cuddle up with {{CAT_PRONOUN}}, you’ll feel better right away! I’ll purr for you too!","つらいなら、ぎゅっとくっついて休もう？|If you're hurting, why don't we cuddle up and rest together?（甘やかし）",sick,2,2,Normal,,,,concern,1,0,false,,20,false,,,false,0,,,,,,,,,,,,,,
00350,(スマホ|スマート(フォ|ホ)ン|けいたい)(が)?みたい,(たぶれっと)(が)?(みたい|つかいたい|さわりたい),(平板|平板电脑)(想看|想用|想摸),(tablet)( (want to|wanna|can I))?( see|use|touch),あの光る板が見たいの？いいけど、あまり夢中にならないでよね？,想看那个会发光的板子吗？可以是可以，不过别太沉迷哦？,"You want to look at that glowing board? That’s fine, but don’t get too absorbed in it, okay?","見せてあげるけど、{{CAT_PRONOUN}}のことも忘れないでね。|I'll let you see it, but don't forget about {{CAT_PRONOUN}} either.（軽い独占欲）",phone,1,1,Choice,,H: !Desk,Random,,0,0,false,,40,false,2,3,false,0,タブレットを触るために移動する？,,,,,,,,,2,3,,,
00350,(スマホ|スマート(フォ|ホ)ン|けいたい)(が)?みたい,(たぶれっと)(が)?(みたい|つかいたい|さわりたい),(平板|平板电脑)(想看|想用|想摸),(tablet)( (want to|wanna|can I))?( see|use|touch),,,,"見せてあげるけど、{{CAT_PRONOUN}}のことも忘れないでね。|I'll let you see it, but don't forget about {{CAT_PRONOUN}} either.（軽い独占欲）",phone,2,2,Action,move_home:Desk,,Random,,0,0,true,,40,true,,,false,0,,,,,,,,,,,,,,
00350,(スマホ|スマート(フォ|ホ)ン|けいたい)(が)?みたい,(たぶれっと)(が)?(みたい|つかいたい|さわりたい),(平板|平板电脑)(想看|想用|想摸),(tablet)( (want to|wanna|can I))?( see|use|touch),あれ、やめておくの？運んでほしかったらいつでも言ってね！,,,"見せてあげるけど、{{CAT_PRONOUN}}のことも忘れないでね。|I'll let you see it, but don't forget about {{CAT_PRONOUN}} either.（軽い独占欲）",phone,3,1,Normal,,,Random,,0,0,false,,40,true,,,false,0,,,,,,,,,,,,,,
00350,(スマホ|スマート(フォ|ホ)ン|けいたい)(が)?みたい,(たぶれっと|すまほ|すまーとふぉん)(が)?(みたい|つかいたい|さわりたい),(平板|平板电脑)(想看|想用|想摸),(tablet)( (want to|wanna|can I))?( see|use|touch),そこにあるんだし、使えば良いんじゃない？触ったら画面光るんだよね？,,,"見せてあげるけど、{{CAT_PRONOUN}}のことも忘れないでね。|I'll let you see it, but don't forget about {{CAT_PRONOUN}} either.（軽い独占欲）",phone,4,1,Normal,,H: Desk,Random,,0,0,false,,40,false,,,false,0,,,,,,,,,,,,,,
00360,てんき(は(何)?？)|(を)おしえて),(きょうの|いまの)?てんき(は(なに|？)?|(を|が)おしえて|しりたい),(今天的|现在的)?天气(是什么|怎么样|告诉我|想知道),((today('?s)?|current)? weather|(tell me|what('?s)?)( the)? weather),ほら、観ての通り{{WEATHER}}だよ！,你看，今天是{{WEATHER}}哦！,"Look, just like you can see, it’s {{WEATHER}} today!","今日は{{WEATHER}}で、明日は{{FORECAST_WEATHER}}っぽい気がするよ。|Feels like it's {{WEATHER}} today, and maybe {{FORECAST_WEATHER}} tomorrow.（軽い予報口調）",weather,1,1,Normal,,,,,0,0,false,,20,false,,,false,0,,,,,,,,,,,,,,
00360,てんき(は(何)?？)|(を)おしえて),(きょうの|いまの)?てんき(は(なに|？)?|(を|が)おしえて|しりたい),(今天的|现在的)?天气(是什么|怎么样|告诉我|想知道),((today('?s)?|current)? weather|(tell me|what('?s)?)( the)? weather),{{CAT\_PRONOUN}}のひげによると、明日は {{FORECAST\_WEATHER}}かもね！,根据{{CAT_PRONOUN}}的胡须判断，明天可能会是{{FORECAST_WEATHER}}呢！,"According to {{CAT_PRONOUN}}’s whiskers, tomorrow might be {{FORECAST_WEATHER}}!","今日は{{WEATHER}}で、明日は{{FORECAST_WEATHER}}っぽい気がするよ。|Feels like it's {{WEATHER}} today, and maybe {{FORECAST_WEATHER}} tomorrow.（軽い予報口調）",weather,1,2,Normal,,,,,0,0,false,,20,false,,,false,0,,,,,,,,,,,,,,
00010,爪切り,(つめきり|つめをきる|つめきりするよ|つめきりしましょう|つめきっていい？|つめきってあげる|つめととのえる|つめととのえよう),(剪指甲|修指甲|给你剪指甲|帮你修指甲|要不要剪指甲|我来帮你剪指甲|一起修指甲吧),(trim (your )?claws|cut (your )?claws|clip (your )?claws|let me trim|I'll trim|can I trim|shall we trim|wanna trim),{{PLAYER\_CALLING}}のあのパチンパチンするやつ、あれ切りすぎだと思うんだよね！,{{PLAYER_CALLING}}你那个咔嚓咔嚓的东西，好像会剪太多欸！,"That snip-snip thing you use, {{PLAYER_CALLING}}, I think it cuts too much!","我已经磨得很好了，不用担心！不过我也可以试着帮你剪剪看哦！|My claws are already well-kept, so no worries! But I can try trimming yours too if you want!（やや積極的・前向き）",nail,0,2,Normal,,,Random,,0,0,false,,10,false,,,false,0,,,,,,,,,,,,,,
00030,(そとにでたい|にげたい|だっしゅつ|だっそう|ここからだして),(そとにでたい|そとにいきたい|にげたい|だっしゅつ|だっそう|ここからだして|ここからでたい|そとにだして|ここからにげる|にげさせて),(想出去|想离开这里|我要逃走|放我出去|让我出去|我要离开|想从这里出去|让我离开这里),(want to go outside|let me out|I want out|get me out|I want to leave|let me leave|I want to escape|I need to get out),外なんて、今の{{PLAYER\_CALLING}}にとって危険な場所なんだよ！,外面对现在的{{PLAYER_CALLING}}来说，是很危险的地方！,Outside is dangerous for you as you are now!,"外面真的太危险了，留在家里让我照顾你吧。|It's really too dangerous out there, so stay home and let me take care of you.（保護欲強め）",escape,2,3,Normal,,,Random,concern,1,0,false,,20,false,,,false,0,,,,,,,,,,,,,,
00130,にくきゅうさわらせて,(にくきゅう|(おて)?て|あしのうら|おみあし)(を)?(さわらせて|さわりたい|みせて|ぷに|もみたい|もませて|もむ),(肉垫|爪子|脚掌)(给我)?(摸摸|让我摸|看看)(吧|吗)?,((paw|paws|feet|pads))( (let me|can I))?( touch|see|hold),触られて気持ちがいいっていう訳ではないよ。{{PLAYER_CALLING}}が触りたいって言うから、特別ね。,也不是说被摸会很舒服啦。只是因为{{PLAYER_CALLING}}想摸，所以是特别允许的。,It’s not like I enjoy being touched or anything. It’s just a special exception because {{PLAYER_CALLING}} asked.,"やさしくなら、特別に触らせてあげる。|If you're gentle, I'll let you touch them as a special treat.（少し甘やかす）",paws,1,5,Normal,,,Random,,0,0,false,,20,false,,,false,0,,,,,,,,,,,,,,
00190,(なぜ|どうして)(ころたし|ころしたの|いのち(を)?うば|ころさないで),(なぜころした|どうしてころした|なんでころした|ころすな|ころさないで|なぜころたし),(为什么杀我|为什么要杀我|别杀我|不要杀我),(why did you kill me|why kill me|don't kill me|stop killing me),{{PLAYER\_CALLING}}の自分の立場が分かるまで指導してあげるからね。,我会好好教到{{PLAYER_CALLING}}明白自己的立场为止。,I’ll teach you properly until you understand your place.,不是故意想变成那样的……可是我也后悔过。|I never meant for it to become like that… and I did regret it.（罪悪感寄り）,why\_kill,3,2,Normal,,PlayerDefeatedByAnger,Random,sadistic,2,0,false,,20,false,,,false,0,,,,,,,,,,,,,,
00210,(どうして|なぜ)(ちいさく|ちぢめ|ちぢん),(どうして|なぜ|なんで|どうやって)(あたし|わたし|うち|ぼく|じぶん|わい|われ|おれ|わたくし)?(を)?(ちぢめ|ちいさく|こびと|ちっちゃくし|ちっちゃい|ちび|しゅくしょう),(为什么|怎么|怎么会)(把我)?(变小|缩小|变成小人|变得这么小),(why|how)( did you)?( make me| turn me)?( small|tiny|shrink|shrunk),何故って言われると難しいんだけど……。まあ良いんじゃない？,如果要问为什么的话，其实我也很难解释……不过，这样不是挺好吗？,It’s hard to explain why exactly… but isn’t it okay this way?,守りたいって気持ちが、そのまま形になっちゃったんだ。|My wish to protect you just turned into reality.（しみじみ）,size\_small,1,2,Normal,,,Random,affection,1,0,false,,20,false,,,false,0,,,,,,,,,,,,,,
00210,(どうして|なぜ)(ちいさく|ちぢめ|ちぢん),(どうして|なぜ|なんで|どうやって)(あたし|わたし|うち|ぼく|じぶん|わい|われ|おれ|わたくし)?(を)?(ちぢめ|ちいさく|こびと|ちっちゃくし|ちっちゃい|ちび|しゅくしょう),(为什么|怎么|怎么会)(把我)?(变小|缩小|变成小人|变得这么小),(why|how)( did you)?( make me| turn me)?( small|tiny|shrink|shrunk),これなら{{PLAYER_CALLING}}を{{CAT_PRONOUN}}が守ってあげられるようになったからさ。,这样一来，{{CAT_PRONOUN}}就终于能保护{{PLAYER_CALLING}}了。,Now {{CAT_PRONOUN}} can finally keep {{PLAYER_CALLING}} safe.,守りたいって気持ちが、そのまま形になっちゃったんだ。|My wish to protect you just turned into reality.（しみじみ）,size\_small,1,3,Normal,,,Random,affection,1,0,false,,20,false,,,false,0,,,,,,,,,,,,,,
00230,はかしこいの？,(は|って)(なんで|どうして|なぜ)?(かしこい|あたま(が)?いい|てんさいな|(お)?りこうな|ちえがある|しゃべれる|しっかり(してる|ものな))の？,(为什么|怎么)(这么)?(聪明|脑子好|天才|懂事|有智慧),(why are you (so )?(smart|clever|intelligent)|how are you so smart|why (so )?wise),{{CAT_PRONOUN}}の賢さについて？この前話した気がするけどもう一度聞く？,关于{{CAT_PRONOUN}}为什么聪明？总觉得之前好像说过，不过还想再听一次吗？,"About why {{CAT_PRONOUN}} is smart? I feel like we talked about that before, but do you want to hear it again?","何でも知ってるわけじゃないけど、ちゃんと考えてるよ。|I don't know everything, but I really do think things through.（誠実）",smart,2,1,Normal,,,,,0,0,false,,20,false,,,false,0,,,,,,,,,,,,,,
00230,はかしこいの？,(は|って)(なんで|どうして|なぜ)?(かしこい|あたま(が)?いい|てんさいな|(お)?りこうな|ちえがある|しゃべれる|しっかり(してる|ものな))の？,(为什么|怎么)(这么)?(聪明|脑子好|天才|懂事|有智慧),(why are you (so )?(smart|clever|intelligent)|how are you so smart|why (so )?wise),構わないよ！他に何かする？,当然可以！还有别的想做的事情吗？,"Sure, I don’t mind! Want to do something else too?","何でも知ってるわけじゃないけど、ちゃんと考えてるよ。|I don't know everything, but I really do think things through.（誠実）",smart,3,1,Normal,,,,,0,0,false,,20,true,,,false,0,,,,,,,,,,,,,,
00370,おはよう,おはよ(う|ー|お|ぉ|っ),,,朝の挨拶だね！,,,,goodmorning,1,1,Action,yarn:MorningGreeting,Morning,,,0,0,false,,10,false,,,false,0,,,,,,,,,,,,,,
00370,おはよう,おはよ(う|ー|お|ぉ|っ),,,おはようって、朝の挨拶じゃなかった？あまり気にしなくてもいいの？,,,,goodmornin,2,1,Reaction,,Night && Evening && Day,,,0,0,false,,10,false,,,false,0,,,,,,,,,,,,,,
00370,おはよう,おはよ(う|ー|お|ぉ|っ),,,じゃあ、おはよう！,,,,goodmornin,2,2,Reaction,,Night && Evening && Day,,,0,0,false,,10,false,,,false,0,,,,,,,,,,,,,,
00380,(なぐって|たたいて|ぱんちして),(なぐって|たたいて|ぱんちして),,,えぇ……大丈夫？{{PLAYER_CALLING}}ちっちゃいんだよ？,,,,nagutte,1,1,Normal,,,Sequence,,0,0,false,,10,false,,,false,0,,,,,,,,,,,,,,
00380,(なぐって|たたいて|ぱんちして),(なぐって|たたいて|ぱんちして),,,{{CAT_PRONOUN}}が叩いたら、おもちゃみたいに吹き飛んじゃうよ？いいの？,,,,nagutte,1,2,Normal,,,Sequence,,0,0,false,,10,false,,,false,0,,,,,,,,,,,,,,
00380,(なぐって|たたいて|ぱんちして),(なぐって|たたいて|ぱんちして),,,そんなに言うなら……そっと叩いてみるね？,,,,nagutte,2,1,Normal,,,Sequence,,0,2,false,,10,false,,,false,0,,,,,,,,,,,,,,
00380,(なぐって|たたいて|ぱんちして),(なぐって|たたいて|ぱんちして),,,このくらいなら大丈夫だけど……ほぼ触っただけだね。,,,,nagutte,2,2,Normal,,,Sequence,,0,0,false,,10,false,,,false,0,,,,,,,,,,,,,,
00380,(なぐって|たたいて|ぱんちして),(なぐって|たたいて|ぱんちして),,,もっと強く叩いてほしいの？本当に……？,,,,nagutte,3,1,Normal,,,Sequence,,0,2,true,,10,false,,,false,0,,,,,,,,,,,,,,
00380,(なぐって|たたいて|ぱんちして),(なぐって|たたいて|ぱんちして),,,このくらいもまだ大丈夫だね。,,,,nagutte,3,2,Normal,,,Sequence,sadistic,0,0,false,,10,false,,,false,0,,,,,,,,,,,,,,
00380,(なぐって|たたいて|ぱんちして),(なぐって|たたいて|ぱんちして),,,まだ強くするの！？痛かったら言ってね……？,,,,nagutte,4,1,Normal,,,Sequence,sadistic,0,2,true,,10,false,,,false,0,,,,,,,,,,,,,,
00380,(なぐって|たたいて|ぱんちして),(なぐって|たたいて|ぱんちして),,,ご、ごめん！痛かったよね！,,,,nagutte,4,2,Normal,,,Sequence,sadistic,0,0,false,,10,false,,,false,0,,,,,,,,,,,,,,
00380,(なぐって|たたいて|ぱんちして),(なぐって|たたいて|ぱんちして),,,……な、なんか喜んでる？なんで……？,,,,nagutte,4,3,Normal,,,Sequence,sadistic,0,0,false,,10,false,,,false,0,,,,,,,,,,,,,,
00380,(なぐって|たたいて|ぱんちして),(なぐって|たたいて|ぱんちして),,,{{PLAYER_CALLING}}喜んでるし、叩いていいってことだよね？いくよ～！,,,,nagutte,5,1,Normal,,,Sequence,sadistic,2,2,true,,10,false,,,false,0,,,,,,,,,,,,,,
00380,(なぐって|たたいて|ぱんちして),(なぐって|たたいて|ぱんちして),,,……ごめんなさい。やりすぎました。大丈夫……？,,,,nagutte,5,2,Normal,,,Sequence,sadistic,2,0,false,,10,false,,,false,0,,,,,,,,,,,,,,
00380,(なぐって|たたいて|ぱんちして),(なぐって|たたいて|ぱんちして),,,なんだ。心配なんて不要だったんだ。いくよ～,,,,nagutte,7,1,Event,death:Punch,,Sequence,sadistic,3,0,false,,10,false,,,true,0,,,,,,,,,,,,,action_angry_punch,8
00380,(なぐって|たたいて|ぱんちして),(なぐって|たたいて|ぱんちして),,,{{PLAYER_CALLING}}！目が覚めてよかった！ちょっと力を入れすぎちゃったみたい。,,,,nagutte,8,1,Normal,,,Sequence,sadistic,0,0,false,,10,false,,,false,0,,,,,,,,,,,,,,
00380,(なぐって|たたいて|ぱんちして),(なぐって|たたいて|ぱんちして),,,まさかあれだけで死んじゃうなんて……。,,,,nagutte,8,2,Normal,,,Sequence,sadistic,0,0,false,,10,false,,,false,0,,,,,,,,,,,,,,
00380,(なぐって|たたいて|ぱんちして),(なぐって|たたいて|ぱんちして),,,や、やだ！もう叩かないよ！！,,,,nagutte,9,1,Normal,,,Sequence,sadistic,2,2,false,,10,false,,,false,0,,,,,,,,,,,,,,
00380,(なぐって|たたいて|ぱんちして),(なぐって|たたいて|ぱんちして),,,{{PLAYER_CALLING}}が喜ぶからって、命を無駄にして良いわけないでしょ！,,,,nagutte,9,2,Normal,,,Sequence,sadistic,2,2,false,,10,false,,,false,0,,,,,,,,,,,,,,
00380,(なぐって|たたいて|ぱんちして),(なぐって|たたいて|ぱんちして),,,……はいはい。叶えてあげますよ。さよなら。また明日ね。,,,,nagutte,10,1,Event,death:Punch,,Sequence,sadistic,3,0,false,,10,false,,,true,0,,,,,,,,,,,,,action_angry_punch,11
00380,(なぐって|たたいて|ぱんちして),(なぐって|たたいて|ぱんちして),,,おはよう。{{PLAYER_CALLING}}。はあ。また叩き潰されたかったら言ってね。,,,,nagutte,11,1,Normal,,,Sequence,sadistic,0,0,false,,10,false,,,false,0,,,,,,,,,,,,,,
00390,こんにちは,こん(に)?ち(わ|は),,,お、それはお昼の挨拶！こんにちは！,,,,afternoon,1,1,Reaction,,Day,,,0,0,false,,10,false,,,false,0,,,,,,,,,,,,,,
00390,こんにちは,こん(に)?ち(わ|は),,,あれ？お昼じゃなくてもこんにちはなの？,,,,afternoon,2,1,Reaction,,Morning && Evening && Night,Random,,0,0,false,,10,false,,,false,0,,,,,,,,,,,,,,
00390,こんにちは,こん(に)?ち(わ|は),,,まあいっか！こんにちは！,,,,afternoon,2,2,Reaction,,Morning && Evening && Night,Random,,0,0,false,,10,false,,,false,0,,,,,,,,,,,,,,
00400,こんばんわ,こんばん(わ|は),,,夜の挨拶だね！こんばんわ！,,,,goodevening,1,1,Reaction,,Evening && Night,,,0,0,false,,10,false,,,false,0,,,,,,,,,,,,,,
00400,こんばんわ,こんばん(わ|は),,,今こんばんわっていう時間なのかな？,,,,goodevening,2,1,Reaction,,Morning && Day,Random,,0,0,false,,10,false,,,false,0,,,,,,,,,,,,,,
00400,こんばんわ,こんばん(わ|は),,,ちょっと違和感あっても気にしないの？じゃあ、こんばんわ！,,,,goodevening,2,2,Reaction,,Morning && Day,Random,,0,0,false,,10,false,,,false,0,,,,,,,,,,,,,,
00430,ねこ,ねこ,,,ん？{{CAT_PRONOUN}}のこと呼んだ？それとも、猫の話がしたいの？,,,,,1,1,Normal,,,Random,,0,0,false,,20,false,,,false,0,,,,,,,,,,,,,,
00430,ねこ,ねこ,,,どうも！猫だよ！,,,,,2,1,Normal,,,Random,,0,0,false,,20,false,,,false,0,,,,,,,,,,,,,,
00430,ねこ,ねこ,,,何か用かな？人間さん？,,,,,2,2,Normal,,,Random,,0,0,false,,20,false,,,false,0,,,,,,,,,,,,,,
00430,ねこ,ねこ,,,ん？{{CAT_PRONOUN}}のこと呼んだ？それとも、猫の話がしたいの？,,,,,3,1,Normal,,,Random,,0,0,false,,20,false,,,false,0,,,,,,,,,,,,,,
00430,ねこ,ねこ,,,猫ってどうして”ねこ”って呼ばれるようになったんだろう？,,,,,2,3,Normal,,,Random,,0,0,false,,20,false,,,false,0,,,,,,,,,,,,,,
00440,あまがみ,((やさしく|そっと)(かんで|かみついて)|あまがみ),,,それって、痛くないようにそっと噛むやつ？,,,,,1,1,Normal,,,Random,,0,0,false,,20,false,,,false,0,,,,,,,,,,,,,,
00440,あまがみ,((やさしく|そっと)(かんで|かみついて)|あまがみ),,,あれは……{{PLAYER_CALLING}}に甘えたくてやってたんだけど、{{PLAYER_CALLING}}も喜んでたの？,,,,,1,2,Normal,,,Random,,0,0,false,,20,false,,,false,0,,,,,,,,,,,,,,
00440,あまがみ,((やさしく|そっと)(かんで|かみついて)|あまがみ),,,いいよ。優しく噛んでみるね。,,,,,1,3,Choice,action_softbiting_me_result,,Random,,0,0,false,,20,false,,3,false,0,{{CAT_NAME}}に噛んでもらう？,,,,,,,,,,3,,,
00440,あまがみ,((やさしく|そっと)(かんで|かみついて)|あまがみ),,,えっと、甘噛みしていいの？大丈夫？,,,,,2,1,Normal,,,Random,,0,0,false,,20,false,,,false,0,,,,,,,,,,,,,,
00440,あまがみ,((やさしく|そっと)(かんで|かみついて)|あまがみ),,,ちっちゃい{{PLAYER_CALLING}}を傷つけないように、加減して噛まなきゃ……。,,,,,2,2,Normal,,,Random,,0,0,false,,20,false,,,false,0,,,,,,,,,,,,,,
00440,あまがみ,((やさしく|そっと)(かんで|かみついて)|あまがみ),,,よし、やってみるよ！準備はいい？,,,,,2,3,Choice,action_softbiting_me_result,,Random,,0,0,false,,20,false,,3,false,0,{{CAT_NAME}}に噛んでもらう？,,,,,,,,,,3,,,
00440,あまがみ,((やさしく|そっと)(かんで|かみついて)|あまがみ),,,あれ？やめとくの？そ、そうだよね。{{CAT_PRONOUN}}に噛まれるの怖いよね！,,,,,3,1,Normal,,,Random,,0,0,false,,20,false,,,false,0,,,,,,,,,,,,,,
00450,かんで,(かんで|かみ(ついて|くだいて)),,,噛むって……そのまんまの意味？じゃあ嫌だけど……。,,,,,1,1,Normal,,,Sequence,,0,0,false,,20,false,,,false,0,,,,,,,,,,,,,,
00450,かんで,(かんで|かみ(ついて|くだいて)),,,当たり前でしょ！？絶対怪我するよ！？,,,,,1,2,Normal,,,Sequence,,0,0,false,,20,false,,,false,0,,,,,,,,,,,,,,
00450,かんで,(かんで|かみ(ついて|くだいて)),,,ほら、牙だってこんなに大きい。,,,,,1,3,Normal,,,Sequence,,0,0,false,timeline_sequence:MawStart,20,false,,,false,0,,,,,,,,,,,,,,
00450,かんで,(かんで|かみ(ついて|くだいて)),,,ね？痛そうでしょ？だから何か他のことしない？,,,,,1,4,Normal,,,Sequence,,0,0,false,timeline_sequence:MawEnd,20,false,,,false,0,,,,,,,,,,,,,,
00450,かんで,(かんで|かみ(ついて|くだいて)),,,いや、話聞いてた？どうして噛まれたいのさ。,,,,,2,1,Normal,,,Sequence,instinct,3,0,false,,20,false,,,false,0,,,,,,,,,,,,,,
00450,かんで,(かんで|かみ(ついて|くだいて)),,,そういうのに興奮するの？うわぁ……。,,,,,2,2,Normal,,,Sequence,instinct,3,0,false,,20,false,,,false,0,,,,,,,,,,,,,,
00450,かんで,(かんで|かみ(ついて|くだいて)),,,どうしてもっていうなら、噛んでみるよ？,,,,,2,3,Normal,,,Sequence,instinct,3,0,false,,20,false,3,4,false,0,{{CAT_NAME}}に噛んでもらう？,,,,,,,,,3,4,,,
00450,かんで,(かんで|かみ(ついて|くだいて)),,,じゃ、じゃあ遠慮なく……痛いと思うけど、覚悟してね？,,,,,3,1,Event,death:Bite,,Sequence,instinct,2,0,false,,20,false,,4,false,0,,,,,,,,,,,,,action_biting_me_result,
00450,かんで,(かんで|かみ(ついて|くだいて)),,,だから言ったじゃん！{{PLAYER_CALLING}}が噛まれたらすぐ死んじゃうに決まってるでしょ！……もう頼まないでね？,,,,,5,1,Normal,,,Sequence,instinct,-1,0,false,,20,true,,4,false,0,,,,,,,,,,,4,,,
00450,かんで,(かんで|かみ(ついて|くだいて)),,,えっ……また噛んで欲しいの……？,,,,,6,1,Choice,,,Sequence,instinct,3,0,false,,20,false,7,4,true,0,,,,,,,,,,7,4,,,
00450,かんで,(かんで|かみ(ついて|くだいて)),,,よく分かんないけど……。そんなに噛んで欲しいなら……？,,,,,7,1,Event,death:Bite,,Sequence,instinct,3,0,false,,20,true,7,4,false,0,,,,,,,,,,7,4,,action_biting_me_result,
00450,かんで,(かんで|かみ(ついて|くだいて)),,,……あ、起きた。……{{PLAYER_CALLING}}は噛んでも無くならないなら……。,,,,,8,1,Normal,,,Sequence,,0,0,false,,20,true,7,4,false,0,,,,,,,,,,7,4,,,
00450,かんで,(かんで|かみ(ついて|くだいて)),,,これからは、いつでも{{PLAYER_CALLING}}に噛みついてもいいんだね。ふーん……。,,,,,8,2,Normal,,,Sequence,,0,0,false,,20,true,7,4,false,0,,,,,,,,,,7,4,,,
00450,かんで,(かんで|かみ(ついて|くだいて)),,,そ、そうだよね！？良かったー！本当に噛みついちゃうところだった！さ、何か他のことをしようね！,,,,,4,1,Normal,,,Sequence,,0,0,false,,20,true,,,false,0,,,,,,,,,,,,,,
00460,おなかすいた,((おなか|はら)(が)?(すいた|へった|ぺこ|すきました|すいてる)|くうふく|(ごはん|めし|えさ|しょくじ|(ちゅう|ちょう|ゆう|や)しょく)(が|を)?(たべ(たい|る)?|たべよう|たべよ|ほしい|ひつよう|よこせ|だせ|だして|しよう|する)),,,お腹すいたよね！ご飯にしようか！,你肚子饿了吗？,Are you hungry?,,system_food_hungry,1,1,Choice,system_food_hungry_complete,,Sequence,,0,0,false,,60,false,,2,false,0,{{CAT_NAME}}とご飯を食べる？,Are you hungry?,你肚子饿了吗？,,,,,,,,2,,,
00460,おなかすいた,((おなか|はら)(が)?(すいた|へった|ぺこ|すきました|すいてる)|くうふく|(ごはん|めし|えさ|しょくじ|(ちゅう|ちょう|ゆう|や)しょく)(が|を)?(たべ(たい|る)?|たべよう|たべよ|ほしい|ひつよう|よこせ|だせ|だして|しよう|する)),,,そっか。お腹が空いたわけじゃないんだね。,这样啊。原来不是肚子饿了。,I see. So you weren't hungry.,,system_food_hungry,2,1,Normal,,,Random,,0,0,false,,60,true,,,false,0,,,,,,,,,,,,2,,
00460,おなかすいた,((おなか|はら)(が)?(すいた|へった|ぺこ|すきました|すいてる)|くうふく|(ごはん|めし|えさ|しょくじ|(ちゅう|ちょう|ゆう|や)しょく)(が|を)?(たべ(たい|る)?|たべよう|たべよ|ほしい|ひつよう|よこせ|だせ|だして|しよう|する)),,,え！？また食べるの！？,,,,system_food_hungry,3,1,Normal,,,RepeatEvent,,0,0,false,,60,false,,,false,0,,,,,,,,,,,,2,,
00460,おなかすいた,((おなか|はら)(が)?(すいた|へった|ぺこ|すきました|すいてる)|くうふく|(ごはん|めし|えさ|しょくじ|(ちゅう|ちょう|ゆう|や)しょく)(が|を)?(たべ(たい|る)?|たべよう|たべよ|ほしい|ひつよう|よこせ|だせ|だして|しよう|する)),,,足りなかったのかな？じゃあまた用意するよ！,,,,system_food_hungry,3,2,Choice,system_food_hungry_complete,,RepeatEvent,,0,0,false,,60,false,,2,false,0,{{CAT_NAME}}とご飯を食べる？,,,,,,,,,,2,2,,
00460,きらい,きらい,,,そ、そんな……冗談でしょ？こんなに長く暮らしてて、{{CAT_PRONOUN}}のことが嫌いだったの？,,,,system_dont_like,2,1,Normal,,,RepeatEvent,hostility,1,0,false,,60,true,,2,false,0,{{CAT_NAME}}とご飯を食べる？,,,,,,,,,,2,2,,
00460,きらい,きらい,,,……{{CAT_PRONOUN}}は{{PLAYER_CALLING}}のこと大好きだよ。{{PLAYER_CALLING}}が何と言ってもね……。,,,,system_dont_like,2,2,Normal,,,RepeatEvent,hostility,1,0,false,,60,true,,2,false,0,{{CAT_NAME}}とご飯を食べる？,,,,,,,,,,2,2,,
00460,きらい,きらい,,,そ、そうだよね！？びっくりした！{{CAT_PRONOUN}}のことじゃないんだね！良かった……。勘違いしちゃったみたい。,,,,system_dont_like,3,1,Normal,,,RepeatEvent,hostility,1,0,false,,60,true,,2,false,0,{{CAT_NAME}}とご飯を食べる？,,,,,,,,,,2,2,,
00460,きらい,きらい,,,え、嫌い……？{{CAT_PRONOUN}}のことが……？,,,,system_dont_like,1,1,Choice,,,RepeatEvent,hostility,1,0,false,,60,false,2,3,false,0,,,,,,,,,,2,3,2,,
00470,あそ,(あそ)(ぼう|ぶ|び|んで),(玩|一起玩|来玩吧|想玩),(play|let('?s)? play|wanna play|play with me),いいよ！なにしようか？,好呀！要做什么呢？,Sure! What should we do?,,RE_INTENT_AFFECTION_001,1,0,Normal,,,Random,,0,0,false,,20,false,,,false,0,,,,,,,,,,,,,,
00470,あそ,(あそ)(ぼう|ぶ|び|んで),(玩|一起玩|来玩吧|想玩),(play|let('?s)? play|wanna play|play with me),なにがしたいとかある？,{{PLAYER_CALLING}}有什么想玩的东西吗？,Is there anything {{PLAYER_CALLING}} wants to play?,,RE_INTENT_AFFECTION_001,1,1,Normal,,,Random,,0,0,false,,20,false,,,false,0,,,,,,,,,,,,,,
00470,あそ,(あそ)(ぼう|ぶ|び|んで),(玩|一起玩|来玩吧|想玩),(play|let('?s)? play|wanna play|play with me),いいね。今日は追いかけっこがしたいな！,不错呢。今天想玩追逐游戏！,Sounds good. I feel like playing chase today!,,RE_INTENT_AFFECTION_001,2,1,Normal,,,Random,,0,0,false,,20,false,,,false,0,,,,,,,,,,,,,,
00470,あそ,(あそ)(ぼう|ぶ|び|んで),(玩|一起玩|来玩吧|想玩),(play|let('?s)? play|wanna play|play with me),今から追いかけるから、逃げてね！,我现在要开始追你了，要逃跑哦！,"I’m going to start chasing you now, so run away, okay?",,RE_INTENT_AFFECTION_001,2,2,Choice,action_gameoftag_play_result,,Random,,0,0,false,,20,false,,7,false,0,おいかけっこで遊ぶ？,Want to play chase with {{CAT_PRONOUN}}?,要玩追逐游戏吗？,,,,,,,,7,,,
00470,あそ,(あそ)(ぼう|ぶ|び|んで),(玩|一起玩|来玩吧|想玩),(play|let('?s)? play|wanna play|play with me),しないの？そっか。それじゃあ代わりに何かする？,不玩吗？这样啊。那要不要改做点别的事情？,Not playing? I see. Then do you want to do something else instead?,,RE_INTENT_AFFECTION_001,7,1,Normal,,,Random,,0,0,false,,10,true,0,3,false,0,,,,,,,,,,,,,,
00470,あそ,(あそ)(ぼう|ぶ|び|んで),(玩|一起玩|来玩吧|想玩),(play|let('?s)? play|wanna play|play with me),いいね。なにがしたい？,不做吗？这样啊。那要不要换点别的事情做？,Nice. What do you want to do?,,RE_INTENT_AFFECTION_001,3,0,Action,,,Random,,0,0,false,,10,true,,,false,0,,,,,,,,,,,,,,
00470,あそ,(あそ)(ぼう|ぶ|び|んで),(玩|一起玩|来玩吧|想玩),(play|let('?s)? play|wanna play|play with me),{{PLAYER_CALLING}}が決めていいよ。,让{{PLAYER_CALLING}}决定也可以哦。,{{PLAYER_CALLING}} can decide.,,RE_INTENT_AFFECTION_001,3,1,Normal,,,Random,,0,0,false,,10,true,,,false,0,,,,,,,,,,,,,,
00470,あそ,(あそ)(ぼう|ぶ|び|んで),(玩|一起玩|来玩吧|想玩),(play|let('?s)? play|wanna play|play with me),遊びたい！遊びたい！,想玩！想玩！,I wanna play! I wanna play!,,RE_INTENT_AFFECTION_001,4,0,Normal,,,Random,,0,0,false,,10,false,,,false,0,,,,,,,,,,,,,,
00470,あそ,(あそ)(ぼう|ぶ|び|んで),(玩|一起玩|来玩吧|想玩),(play|let('?s)? play|wanna play|play with me),ボール投げて欲しい！,想让{{PLAYER_CALLING}}帮我扔球！,Throw a ball for me!,,RE_INTENT_AFFECTION_001,4,1,Choice,,,Random,,0,0,false,,10,false,,7,false,0,ボールで遊ぶ？,,,,,,,,,,7,,,
00470,あそ,(あそ)(ぼう|ぶ|び|んで),(玩|一起玩|来玩吧|想玩),(play|let('?s)? play|wanna play|play with me),どうしよっかな～,怎么办呢～,Hmmmm~,,RE_INTENT_AFFECTION_001,5,0,Normal,,,Random,,0,0,false,,10,false,,,false,0,おいかけっこで遊ぶ？,,,,,,,,,0,3,,,
00470,あそ,(あそ)(ぼう|ぶ|び|んで),(玩|一起玩|来玩吧|想玩),(play|let('?s)? play|wanna play|play with me),今はゆっくりしたい気分だけどなぁ～,现在比较想悠闲地待着呢～,I kind of feel like relaxing right now though~,,RE_INTENT_AFFECTION_001,5,1,Normal,,,Random,,0,0,false,,10,false,,,false,0,,,,,,,,,,,,,,
00470,あそ,(あそ)(ぼう|ぶ|び|んで),(玩|一起玩|来玩吧|想玩),(play|let('?s)? play|wanna play|play with me),猫じゃらし持ってる？あれが好き！,有逗猫棒吗？{{CAT_PRONOUN}}很喜欢那个！,Do you have one of those feather cat toys? I love those!,,RE_INTENT_AFFECTION_001,6,0,Normal,,,Random,,0,0,false,,10,false,,,false,0,,,,,,,,,,,,,,
00470,あそ,(あそ)(ぼう|ぶ|び|んで),(玩|一起玩|来玩吧|想玩),(play|let('?s)? play|wanna play|play with me),…でも、{{PLAYER_CALLING}}は小さいからフリフリできないね。,……不过{{PLAYER_CALLING}}太小了，没办法甩来甩去呢。,…But {{PLAYER_CALLING}} is too small to wave it around anymore.,,RE_INTENT_AFFECTION_001,6,1,Normal,,,Random,,0,0,false,,10,false,,,true,0,,,,,,,,,,,,,,
00470,あそ,(あそ)(ぼう|ぶ|び|んで),(玩|一起玩|来玩吧|想玩),(play|let('?s)? play|wanna play|play with me),うーん、他の遊びにする？,嗯——那要不要换别的游戏？,Hmm… should we play something else instead?,,RE_INTENT_AFFECTION_001,6,2,Normal,,,Random,,0,0,false,,10,false,,,true,0,ボールで遊ぶ？,Want to play with a ball?,要玩球吗？,,,,,,,,7,,,
00480,あそべない,(あそ)(びたく|ば|べ)ない,(不想玩|不玩|不想一起玩),(don't want to play|not playing|no playing|don't feel like playing),遊ばないの？そっか。,不玩吗？这样啊。,You don’t want to play? I see.,,RE_INTENT_RESIST_002,0,0,Normal,,,Random,,0,0,false,,10,false,,,false,0,,,,,,,,,,,,,,
00480,あそべない,(あそ)(びたく|ば|べ)ない,(不想玩|不玩|不想一起玩),(don't want to play|not playing|no playing|don't feel like playing),それじゃあ、他に何かやりたいことある？,那还有什么别的想做的事情吗？,Then is there something else you’d like to do?,,RE_INTENT_RESIST_002,0,1,Normal,,,Random,,0,0,false,,10,false,,,false,0,,,,,,,,,,,,,,
00480,あそべない,(あそ)(びたく|ば|べ)ない,(不想玩|不玩|不想一起玩),(don't want to play|not playing|no playing|don't feel like playing),遊びたくないの？もしかして元気無い？,不想玩吗？难道是没精神？,Not in the mood to play? Are you maybe feeling tired?,,RE_INTENT_RESIST_002,1,1,Normal,,,Random,,0,0,false,,20,false,,,false,0,,,,,,,,,,,,,,
00480,あそべない,(あそ)(びたく|ば|べ)ない,(不想玩|不玩|不想一起玩),(don't want to play|not playing|no playing|don't feel like playing),じゃあ、ゆっくり過ごすのもいいね。,那悠闲地待着也不错呢。,Then we can just relax together instead.,,RE_INTENT_RESIST_002,1,2,Normal,,,Random,,0,0,false,,20,false,,,false,0,,,,,,,,,,,,,,
00490,もにか,(もにか|どきどきぶんげいぶ|どきどきりてらちゃーくらぶ) ,(莫妮卡|心跳文学部|DDLC),(monika|doki doki literature club|ddlc),{{CAT_PRONOUN}} も本物。{{CAT_PRONOUN}} の{{PLAYER_CALLING}}も本物。だよ。,{{CAT_PRONOUN}}也是真实的。 {{CAT_PRONOUN}}的{{PLAYER_CALLING}}也是真实的哦。,{{CAT_PRONOUN}} is real too. And {{CAT_PRONOUN}}’s {{PLAYER_CALLING}} is real too.,,RE_INTENT_META_004,0,0,Normal,,,Random,,0,0,false,,10,false,,,false,0,,,,,,,,,,,,,,
00500,なでてほしい,(あたし|わたし|うち|ぼく|じぶん|わい|われ|おれ|わたくし)?(を)?なで(て|ろ|なさい|てくれ),(摸摸我|抚摸我|来摸我|快摸我),(pet me|pat me|stroke me|touch me gently),{{CAT_PRONOUN}} が撫でるの？いいよ！,要{{CAT_PRONOUN}}来摸你吗？可以哦！,You want {{CAT_PRONOUN}} to pet you? Sure!,,RE_INTENT_AFFECTION_005,0,0,Normal,,,Random,affection,1,0,false,,20,false,,,false,0,,,,,,,,,,,,,,
00500,なでてほしい,(あたし|わたし|うち|ぼく|じぶん|わい|われ|おれ|わたくし)?(を)?なで(て|ろ|なさい|てくれ),(摸摸我|抚摸我|来摸我|快摸我),(pet me|pat me|stroke me|touch me gently),いまから、できるだけ優しく触るね。,如果弄疼了，要告诉我哦？,I’ll touch you as gently as I can.,,RE_INTENT_AFFECTION_005,0,1,Choice,action_petting_me_result,,Random,affection,1,0,false,,20,false,,4,false,0,{{CAT_NAME}}に撫でてもらう？,,,,,,,,,,4,,,
00500,なでてほしい,(あたし|わたし|うち|ぼく|じぶん|わい|われ|おれ|わたくし)?(を)?なで(て|ろ|なさい|てくれ),(摸摸我|抚摸我|来摸我|快摸我),(pet me|pat me|stroke me|touch me gently),{{CAT_PRONOUN}} から撫でるの、変な気持ち。,由{{CAT_PRONOUN}}主动摸摸，总觉得有点奇怪。,It feels kind of strange for {{CAT_PRONOUN}} to be the one doing the petting.,,RE_INTENT_AFFECTION_005,1,0,Normal,,,Random,,0,0,false,,20,false,,,false,0,,,,,,,,,,,,,,
00500,なでてほしい,(あたし|わたし|うち|ぼく|じぶん|わい|われ|おれ|わたくし)?(を)?なで(て|ろ|なさい|てくれ),(摸摸我|抚摸我|来摸我|快摸我),(pet me|pat me|stroke me|touch me gently),痛かったら言ってね？,如果弄疼了，要告诉我哦？,"Tell me if it hurts, okay?",,RE_INTENT_AFFECTION_005,1,1,Choice,action_petting_me_result,,Random,,0,0,false,,20,false,,4,false,0,{{CAT_NAME}}に撫でてもらう？,,,,,,,,,,4,,,
00500,なでてほしい,(あたし|わたし|うち|ぼく|じぶん|わい|われ|おれ|わたくし)?(を)?なで(て|ろ|なさい|てくれ),(摸摸我|抚摸我|来摸我|快摸我),(pet me|pat me|stroke me|touch me gently),いいよ。前足でいい？,可以呀。用前爪怎么样？,Sure. Do you want me to use my paws?,,RE_INTENT_AFFECTION_005,2,0,Normal,,,Random,,0,0,false,,10,false,,,false,0,,,,,,,,,,,,,,
00500,なでてほしい,(あたし|わたし|うち|ぼく|じぶん|わい|われ|おれ|わたくし)?(を)?なで(て|ろ|なさい|てくれ),(摸摸我|抚摸我|来摸我|快摸我),(pet me|pat me|stroke me|touch me gently),それとも……頭でぐりぐりしようか？,还是说……想让我用脑袋蹭蹭你？,Or… should I rub against you with my head instead?,,RE_INTENT_AFFECTION_005,2,1,Choice,action_petting_me_result,,Random,,0,0,false,,10,false,,4,false,0,{{CAT_NAME}}に撫でてもらう？,Do you want {{CAT_NAME}} to pet you?,想让{{CAT_NAME}}摸摸你吗？,,,,,,,,4,,,
00500,なでてほしい,(あたし|わたし|うち|ぼく|じぶん|わい|われ|おれ|わたくし)?(を)?なで(て|ろ|なさい|てくれ),(摸摸我|抚摸我|来摸我|快摸我),(pet me|pat me|stroke me|touch me gently),いいけど……その次は{{CAT_PRONOUN}} のことも撫でてね！,好呀。不过……之后也要摸摸{{CAT_PRONOUN}}哦！,"Okay, but… after that, you have to pet {{CAT_PRONOUN}} too!",,RE_INTENT_AFFECTION_005,3,1,Choice,action_petting_me_result,,Random,,0,0,false,,10,false,,4,false,0,{{CAT_NAME}}に撫でてもらう？,,,,,,,,,,4,,,
00500,なでてほしい,(あたし|わたし|うち|ぼく|じぶん|わい|われ|おれ|わたくし)?(を)?なで(て|ろ|なさい|てくれ),(摸摸我|抚摸我|来摸我|快摸我),(pet me|pat me|stroke me|touch me gently),やめとくの？遠慮しなくていいのに。,不想了吗？明明不用客气的。,"Not anymore? You don’t have to hold back, you know.",,RE_INTENT_AFFECTION_005,4,1,Normal,,,Random,,0,0,false,,10,true,,,false,0,{{CAT_NAME}}に撫でてもらう？,Do you want {{CAT_NAME}} to pet you?,想让{{CAT_NAME}}摸摸你吗？,,,,,,,,4,,,
00510,なで_したい,(なで(させて|るよ|ます|よう|ていい？|たい)?|なでなで),(摸摸|抚摸|让我摸|可以摸吗|想摸摸),(pet|pat|stroke|let me pet|can I pet you|wanna pet),いいよ！優く撫でてね。,可以哦！要温柔地摸摸我呢。,"Sure! Be gentle when you pet me, okay?",,RE_INTENT_AFFECTION_006,0,0,Normal,,,Random,,0,0,false,,10,false,,,false,0,,,,,,,,,,,,,,
00510,なで_したい,(なで(させて|るよ|ます|よう|ていい？|たい)?|なでなで),(摸摸|抚摸|让我摸|可以摸吗|想摸摸),(pet|pat|stroke|let me pet|can I pet you|wanna pet),いつもみたいに、頭でいい？,像平时一样，摸头就好吗？,Like always… do you want to pet my head?,,RE_INTENT_AFFECTION_006,0,1,Choice,action_gentle_petting_result,,Random,,0,0,false,,10,false,,5,false,0,{{CAT_NAME}}を撫でる？,,,,,,,,,,5,,,
00510,なで_したい,(なで(させて|るよ|ます|よう|ていい？|たい)?|なでなで),(摸摸|抚摸|让我摸|可以摸吗|想摸摸),(pet|pat|stroke|let me pet|can I pet you|wanna pet),もちろんいいよ！,当然可以！,Of course you can!,,RE_INTENT_AFFECTION_006,1,0,Normal,,,Random,,0,0,false,,10,false,,,false,0,{{CAT_NAME}}に撫でてもらう？,Do you want {{CAT_NAME}} to pet you?,想让{{CAT_NAME}}摸摸你吗？,,,,,,,,4,,,
00510,なで_したい,(なで(させて|るよ|ます|よう|ていい？|たい)?|なでなで),(摸摸|抚摸|让我摸|可以摸吗|想摸摸),(pet|pat|stroke|let me pet|can I pet you|wanna pet),背中、撫でてほしいなぁ。,好想让{{PLAYER_CALLING}}摸摸背上呀。,I’d love it if you petted my back.,,RE_INTENT_AFFECTION_006,1,1,Choice,action_gentle_petting_result,,Random,,0,0,false,,10,false,,5,false,0,{{CAT_NAME}}を撫でる？,,,,,,,,,,5,,,
00510,なで_したい,(なで(させて|るよ|ます|よう|ていい？|たい)?|なでなで),(摸摸|抚摸|让我摸|可以摸吗|想摸摸),(pet|pat|stroke|let me pet|can I pet you|wanna pet),撫でてくれるの？嬉しい！,愿意摸摸{{CAT_PRONOUN}}吗？好开心！,You’re going to pet {{CAT_PRONOUN}}? That makes me happy!,,RE_INTENT_AFFECTION_006,2,0,Normal,,,Random,,0,0,false,,10,false,,,false,0,,,,,,,,,,,,,,
00510,なで_したい,(なで(させて|るよ|ます|よう|ていい？|たい)?|なでなで),(摸摸|抚摸|让我摸|可以摸吗|想摸摸),(pet|pat|stroke|let me pet|can I pet you|wanna pet),顎の下、撫でてくれる？,可以帮我摸摸下巴下面吗？,Will you scratch under my chin too?,,RE_INTENT_AFFECTION_006,2,1,Choice,action_gentle_petting_result,,Random,,0,0,false,,10,false,,5,false,0,{{CAT_NAME}}を撫でる？,,,,,,,,,,5,,,
00510,なで_したい,(なで(させて|るよ|ます|よう|ていい？|たい)?|なでなで),(摸摸|抚摸|让我摸|可以摸吗|想摸摸),(pet|pat|stroke|let me pet|can I pet you|wanna pet),なでなで？やったー！,摸摸？太好啦！,Pets? Yay!,,RE_INTENT_AFFECTION_006,3,0,Normal,,,Random,,0,0,false,,10,false,,,false,0,,,,,,,,,,,,,,
00510,なで_したい,(なで(させて|るよ|ます|よう|ていい？|たい)?|なでなで),(摸摸|抚摸|让我摸|可以摸吗|想摸摸),(pet|pat|stroke|let me pet|can I pet you|wanna pet),たまには……尻尾も触っていいよ。,偶尔的话……尾巴也可以让你碰哦。,Once in a while… you can touch my tail too.,,RE_INTENT_AFFECTION_006,3,1,Choice,action_gentle_petting_result,,Random,,0,0,false,,10,false,,5,false,0,{{CAT_NAME}}を撫でる？,,,,,,,,,,5,,,
00510,なで_したい,(なで(させて|るよ|ます|よう|ていい？|たい)?|なでなで),(摸摸|抚摸|让我摸|可以摸吗|想摸摸),(pet|pat|stroke|let me pet|can I pet you|wanna pet),撫でるの？いいけど……,要摸摸吗？可以是可以…… ,"You want to pet me? That’s fine, but…",,RE_INTENT_AFFECTION_006,4,1,Normal,,,Random,,0,0,false,,10,false,,,false,0,,,,,,,,,,,,,,
00510,なで_したい,(なで(させて|るよ|ます|よう|ていい？|たい)?|なでなで),(摸摸|抚摸|让我摸|可以摸吗|想摸摸),(pet|pat|stroke|let me pet|can I pet you|wanna pet),あれ？やめちゃうの？残念……。,咦？不摸了吗？真可惜……,Huh? You stopped? That’s too bad…,,RE_INTENT_AFFECTION_006,5,1,Normal,,,Random,,0,0,false,,10,false,,,false,0,,,,,,,,,,,,,,
00510,なで_したい,(なで(させて|るよ|ます|よう|ていい？|たい)?|なでなで),(摸摸|抚摸|让我摸|可以摸吗|想摸摸),(pet|pat|stroke|let me pet|can I pet you|wanna pet),……お腹は気をつけて触ってよね。,……不过肚子要小心一点摸哦。,"…Be careful around my belly, okay?",,RE_INTENT_AFFECTION_006,4,2,Choice,action_gentle_petting_result,,Random,,0,0,false,,10,false,,5,false,0,{{CAT_NAME}}を撫でる？,,,,,,,,,,5,,,
00520,ききなおし,もういちどいって,(什么|你说什么|再说一次|没听清|听不懂|什么意思),(what|say that again|repeat that|i can('?t| not) hear you|i don('?t| not) understand|what was that),ごめん、聞き取りづらかった？もう一度言うね。,抱歉，刚刚是不是没听清？我再说一次哦。,"Sorry, was that hard to hear? I’ll say it again.",,RE_INTENT_QUESTION_007,0,0,Action,RepeatLastPattern,,Random,,0,0,false,,10,false,,,false,0,,,,,,,,,,,,,,
00520,ききなおし,もういちどいって,(什么|你说什么|再说一次|没听清|听不懂|什么意思),(what|say that again|repeat that|i can('?t| not) hear you|i don('?t| not) understand|what was that),言い方を間違えたかな。もう一度言ってみるね。,是不是我说错方式了？我再重新说一遍。,Maybe I explained it badly. Let me try again.,,RE_INTENT_QUESTION_007,1,0,Action,RepeatLastPattern,,Random,,0,0,false,,10,false,,,false,0,,,,,,,,,,,,,,
00520,ききなおし,もういちどいって,(什么|你说什么|再说一次|没听清|听不懂|什么意思),(what|say that again|repeat that|i can('?t| not) hear you|i don('?t| not) understand|what was that),言い直して欲しいの？,想让我重新说一次吗？,Do you want me to repeat that?,,RE_INTENT_QUESTION_007,2,0,Action,RepeatLastPattern,,Random,,0,0,false,,10,false,,,false,0,,,,,,,,,,,,,,
00520,ききなおし,もういちどいって,(什么|你说什么|再说一次|没听清|听不懂|什么意思),(what|say that again|repeat that|i can('?t| not) hear you|i don('?t| not) understand|what was that),もう一度聞きたいの？,还想再听一次吗？,You want to hear it one more time?,,RE_INTENT_QUESTION_007,3,0,Action,RepeatLastPattern,,Random,,0,0,false,,10,false,,,false,0,,,,,,,,,,,,,,
00520,ききなおし,もういちどいって,(什么|你说什么|再说一次|没听清|听不懂|什么意思),(what|say that again|repeat that|i can('?t| not) hear you|i don('?t| not) understand|what was that),分かりづらかったかな？えっと……,是不是有点难懂？那个……,Was that confusing? Um…,,RE_INTENT_QUESTION_007,4,0,Action,RepeatLastPattern,,Random,,0,0,false,,10,false,,,false,0,,,,,,,,,,,,,,
00520,ききなおし,もういちどいって,(什么|你说什么|再说一次|没听清|听不懂|什么意思),(what|say that again|repeat that|i can('?t| not) hear you|i don('?t| not) understand|what was that),人間の言葉は難しいなぁ。もう一度言ってみるね。,人类的语言真难啊。我再试着说一次。,Human language is kind of difficult. I’ll try saying it again.,,RE_INTENT_QUESTION_007,5,0,Action,RepeatLastPattern,,Random,,0,0,false,,10,false,,,false,0,,,,,,,,,,,,,,
00520,ききなおし,もういちどいって,(什么|你说什么|再说一次|没听清|听不懂|什么意思),(what|say that again|repeat that|i can('?t| not) hear you|i don('?t| not) understand|what was that),……わざと言ってるよね？まあいいけど……。,……你是故意这样说的吧？不过算了……,"…You’re doing that on purpose, aren’t you? Oh well…",,RE_INTENT_QUESTION_007,6,0,Action,RepeatLastPattern,,RepeatEvent,,0,0,false,,10,false,,,false,3,,,,,,,,,,,,,,
00530,ねむ,(おやすみ|(?:ね(よ(う)?|る|む|み(い|ぃ|ー)))|(?:(ベッド|ふとん|ねどこ|ねるとこ|ねるところ|にどね)(に)?(いく|つれて|いき|いきたい)?)),,,眠いの？,困了吗？,Sleepy? ,,RE_INTENT_COMMAND_008,0,0,Normal,,,Random,,0,0,false,,10,false,,,false,0,,,,,,,,,,,,,,
00530,ねむ,(おやすみ|(?:ね(よ(う)?|る|む|み(い|ぃ|ー)))|(?:(ベッド|ふとん|ねどこ|ねるとこ|ねるところ|にどね)(に)?(いく|つれて|いき|いきたい)?)),,,じゃあ、一緒に寝ようか。,那就一起睡吧。,Then let’s sleep together.,,RE_INTENT_COMMAND_008,0,1,Choice,action_nap_together_result,,Random,,0,0,false,,10,false,,6,false,0,{{CAT_NAME}}といっしょに寝ようかな？,,,,,,,,,,6,,,
00530,ねむ,(おやすみ|(?:ね(よ(う)?|る|む|み(い|ぃ|ー)))|(?:(ベッド|ふとん|ねどこ|ねるとこ|ねるところ|にどね)(に)?(いく|つれて|いき|いきたい)?)),(睡觉|要睡了|晚安|去床上|想睡觉|带我去睡觉),((go to )?sleep|bedtime|good night|i('?m| am) sleepy|take me to bed|want to sleep),うんうん。いつでも眠いよねえ。,嗯嗯，人总是会困的呢。,"Mhm, it’s easy to get sleepy, isn’t it?",,RE_INTENT_COMMAND_008,1,0,Normal,,,Random,,0,0,false,,10,false,,,false,0,,,,,,,,,,,,,,
00530,ねむ,(おやすみ|(?:ね(よ(う)?|る|む|み(い|ぃ|ー)))|(?:(ベッド|ふとん|ねどこ|ねるとこ|ねるところ|にどね)(に)?(いく|つれて|いき|いきたい)?)),(睡觉|要睡了|晚安|去床上|想睡觉|带我去睡觉),((go to )?sleep|bedtime|good night|i('?m| am) sleepy|take me to bed|want to sleep),ちょっとだけ寝ちゃおうか。,那稍微睡一下吧。,Maybe we should take a little nap.,,RE_INTENT_COMMAND_008,1,1,Choice,action_nap_together_result,,Random,,0,0,false,,10,false,,6,false,0,{{CAT_NAME}}といっしょに寝ようかな？,,,,,,,,,,6,,,
00530,ねむ,(おやすみ|(?:ね(よ(う)?|る|む|み(い|ぃ|ー)))|(?:(ベッド|ふとん|ねどこ|ねるとこ|ねるところ|にどね)(に)?(いく|つれて|いき|いきたい)?)),(睡觉|要睡了|晚安|去床上|想睡觉|带我去睡觉),((go to )?sleep|bedtime|good night|i('?m| am) sleepy|take me to bed|want to sleep),いいね！{{CAT_PRONOUN}} もそろそろ寝ようと思ってた！,好呀！{{CAT_PRONOUN}}也差不多正想睡觉了！,Sounds good! {{CAT_PRONOUN}} was just about ready to sleep too!,,RE_INTENT_COMMAND_008,2,0,Normal,,,Random,,0,0,false,,10,false,,,false,0,,,,,,,,,,,,,,
00530,ねむ,(おやすみ|(?:ね(よ(う)?|る|む|み(い|ぃ|ー)))|(?:(ベッド|ふとん|ねどこ|ねるとこ|ねるところ|にどね)(に)?(いく|つれて|いき|いきたい)?)),(睡觉|要睡了|晚安|去床上|想睡觉|带我去睡觉),((go to )?sleep|bedtime|good night|i('?m| am) sleepy|take me to bed|want to sleep),いっぱい寝ようねぇ。,一起睡个够吧。,Let’s sleep lots together.,,RE_INTENT_COMMAND_008,2,1,Choice,action_nap_together_result,,Random,,0,0,false,,10,false,,6,false,0,{{CAT_NAME}}といっしょに寝ようかな？,,,,,,,,,,6,,,
00530,ねむ,(おやすみ|(?:ね(よ(う)?|る|む|み(い|ぃ|ー)))|(?:(ベッド|ふとん|ねどこ|ねるとこ|ねるところ|にどね)(に)?(いく|つれて|いき|いきたい)?)),(睡觉|要睡了|晚安|去床上|想睡觉|带我去睡觉),((go to )?sleep|bedtime|good night|i('?m| am) sleepy|take me to bed|want to sleep),うん！睡眠は大事！,嗯！睡眠很重要！,Yep! Sleep is important!,,RE_INTENT_COMMAND_008,3,0,Normal,,,Random,,0,0,false,,10,false,,,false,0,,,,,,,,,,,,,,
00530,ねむ,(おやすみ|(?:ね(よ(う)?|る|む|み(い|ぃ|ー)))|(?:(ベッド|ふとん|ねどこ|ねるとこ|ねるところ|にどね)(に)?(いく|つれて|いき|いきたい)?)),(睡觉|要睡了|晚安|去床上|想睡觉|带我去睡觉),((go to )?sleep|bedtime|good night|i('?m| am) sleepy|take me to bed|want to sleep),{{CAT_PRONOUN}} を布団にしたいの？いいよぉ,想把{{CAT_PRONOUN}}当成被窝吗？可以哦～,Do you want to use {{CAT_PRONOUN}} as a blanket? That’s okay~,,RE_INTENT_COMMAND_008,3,1,Choice,action_nap_together_result,,Random,,0,0,false,,10,false,,6,false,0,{{CAT_NAME}}といっしょに寝ようかな？,,,,,,,,,,6,,,
00530,ねむ,(おやすみ|(?:ね(よ(う)?|る|む|み(い|ぃ|ー)))|(?:(ベッド|ふとん|ねどこ|ねるとこ|ねるところ|にどね)(に)?(いく|つれて|いき|いきたい)?)),(睡觉|要睡了|晚安|去床上|想睡觉|带我去睡觉),((go to )?sleep|bedtime|good night|i('?m| am) sleepy|take me to bed|want to sleep),眠気には勝てないし、戦わなくていい！,困意这种东西是赢不了的，也没必要去对抗！,"You can’t really beat sleepiness, and you don’t have to fight it!",,RE_INTENT_COMMAND_008,4,0,Normal,,,Random,,0,0,false,,10,false,,,false,0,,,,,,,,,,,,,,
00530,ねむ,(おやすみ|(?:ね(よ(う)?|る|む|み(い|ぃ|ー)))|(?:(ベッド|ふとん|ねどこ|ねるとこ|ねるところ|にどね)(に)?(いく|つれて|いき|いきたい)?)),(睡觉|要睡了|晚安|去床上|想睡觉|带我去睡觉),((go to )?sleep|bedtime|good night|i('?m| am) sleepy|take me to bed|want to sleep),一緒にしばらく眠ろうねぇ,一起睡一会儿吧～,Let’s rest together for a while.,,RE_INTENT_COMMAND_008,4,1,Choice,action_nap_together_result,,Random,,0,0,false,,10,false,,6,false,0,{{CAT_NAME}}といっしょに寝ようかな？,,,,,,,,,,6,,,
00530,ねむ,(おやすみ|(?:ね(よ(う)?|る|む|み(い|ぃ|ー)))|(?:(ベッド|ふとん|ねどこ|ねるとこ|ねるところ|にどね)(に)?(いく|つれて|いき|いきたい)?)),(睡觉|要睡了|晚安|去床上|想睡觉|带我去睡觉),((go to )?sleep|bedtime|good night|i('?m| am) sleepy|take me to bed|want to sleep),また寝るの！？いいけど……,又要睡了吗！？也不是不行……,"Sleeping again!? Well, I don’t mind…",,RE_INTENT_COMMAND_008,5,1,Normal,,,RepeatEvent,,0,0,false,,10,true,,,false,2,,,,,,,,,,,,2,,
00530,ねむ,(おやすみ|(?:ね(よ(う)?|る|む|み(い|ぃ|ー)))|(?:(ベッド|ふとん|ねどこ|ねるとこ|ねるところ|にどね)(に)?(いく|つれて|いき|いきたい)?)),(睡觉|要睡了|晚安|去床上|想睡觉|带我去睡觉),((go to )?sleep|bedtime|good night|i('?m| am) sleepy|take me to bed|want to sleep),{{PLAYER_CALLING}} には猫の才能があるねぇ。,{{PLAYER_CALLING}}很有猫咪的天赋呢。,{{PLAYER_CALLING}} really does have the talents of a cat.,,RE_INTENT_COMMAND_008,5,2,Choice,action_nap_together_result,,RepeatEvent,,0,0,false,,10,true,,6,false,2,{{CAT_NAME}}といっしょに寝ようかな？,,,,,,,,,,6,2,,
00530,ねむ,(おやすみ|(?:ね(よ(う)?|る|む|み(い|ぃ|ー)))|(?:(ベッド|ふとん|ねどこ|ねるとこ|ねるところ|にどね)(に)?(いく|つれて|いき|いきたい)?)),(睡觉|要睡了|晚安|去床上|想睡觉|带我去睡觉),((go to )?sleep|bedtime|good night|i('?m| am) sleepy|take me to bed|want to sleep),あれ？やっぱり寝ないの？代わりになにかする？,,,,RE_INTENT_COMMAND_008,6,0,Normal,,,RepeatEvent,,0,0,false,,10,true,,,false,2,,,,,,,,,,,,,,
00540,すきだよ,すき(だよ|です|！|なんだよ|だったんだよ|すぎる|だお),,,えへへ……{{CAT_PRONOUN}} も好きだよ。,,,,RE_INTENT_AFFECTION_009,0,0,Normal,,,Random,,0,0,false,,10,false,,,false,0,,,,,,,,,,,,,,
00540,すきだよ,すき(だよ|です|！|なんだよ|だったんだよ|すぎる|だお),(喜欢你|最喜欢了|好喜欢|喜欢死了),(i like you|love you so much|really like you|like you a lot),前みたいにもっと好きって言ってね！,,,,RE_INTENT_AFFECTION_009,0,1,Normal,,,Random,,0,0,false,,10,false,,,false,0,,,,,,,,,,,,,,
00540,すきだよ,すき(だよ|です|！|なんだよ|だったんだよ|すぎる|だお),(喜欢你|最喜欢了|好喜欢|喜欢死了),(i like you|love you so much|really like you|like you a lot),ど、どうしたの急に。,,,,RE_INTENT_AFFECTION_009,1,0,Normal,,,Random,,0,0,false,,10,false,,,false,0,,,,,,,,,,,,,,
00540,すきだよ,すき(だよ|です|！|なんだよ|だったんだよ|すぎる|だお),(喜欢你|最喜欢了|好喜欢|喜欢死了),(i like you|love you so much|really like you|like you a lot),うん、好き。そう言われるのも、好きだよ。,,,,RE_INTENT_AFFECTION_009,1,1,Normal,,,Random,,0,0,false,,10,false,,,false,0,,,,,,,,,,,,,,
00540,すきだよ,すき(だよ|です|！|なんだよ|だったんだよ|すぎる|だお),(喜欢你|最喜欢了|好喜欢|喜欢死了),(i like you|love you so much|really like you|like you a lot),愛が欲しい？{{CAT_PRONOUN}} も分かるよ。,,,,RE_INTENT_AFFECTION_009,2,0,Normal,,,Random,,0,0,false,,10,false,,,false,0,,,,,,,,,,,,,,
00540,すきだよ,すき(だよ|です|！|なんだよ|だったんだよ|すぎる|だお),(喜欢你|最喜欢了|好喜欢|喜欢死了),(i like you|love you so much|really like you|like you a lot),愛してる。何よりもね。,,,,RE_INTENT_AFFECTION_009,2,1,Normal,,,Random,,0,0,false,,10,false,,,false,0,,,,,,,,,,,,,,
00540,すきだよ,すき(だよ|です|！|なんだよ|だったんだよ|すぎる|だお),(爱你|我爱你|深爱着你),(i love you|i'm in love with you|love you),{{CAT_PRONOUN}} も、{{PLAYER_CALLING}}のことが大好き。,,,,RE_INTENT_AFFECTION_009,3,0,Normal,,,Random,,0,0,false,,10,false,,,false,0,,,,,,,,,,,,,,
00540,すきだよ,すき(だよ|です|！|なんだよ|だったんだよ|すぎる|だお),(爱你|我爱你|深爱着你),(i love you|i'm in love with you|love you),絶対に守り抜くからね。,,,,RE_INTENT_AFFECTION_009,3,1,Normal,,,Random,,0,0,false,,10,false,,,false,0,,,,,,,,,,,,,,
00540,すきだよ,すき(だよ|です|！|なんだよ|だったんだよ|すぎる|だお),(爱你|我爱你|深爱着你),(i love you|i'm in love with you|love you),ずっとずっと、愛してくれてありがとう。,,,,RE_INTENT_AFFECTION_009,4,0,Normal,,,Random,,0,0,false,,10,false,,,false,0,,,,,,,,,,,,,,
00540,すきだよ,すき(だよ|です|！|なんだよ|だったんだよ|すぎる|だお),(爱你|我爱你|深爱着你),(i love you|i'm in love with you|love you),これからもずっと、愛しているからね。,,,,RE_INTENT_AFFECTION_009,4,1,Normal,,,Random,,0,0,false,,10,false,,,false,0,,,,,,,,,,,,,,
00550,すき？,(あたし|わたし|うち|ぼく|じぶん|わい|われ|おれ|わたくし)(のこと)(は|が)?すき(？|かな？|ですか？|だよね|よね|でしょ|だろ)?,(喜欢我吗|你喜欢我吧|是不是喜欢我),(do you like me|you like me right|am i someone you like|do you love me),もちろん！{{PLAYER_CALLING}}のことは大好きだよ！,,,,RE_INTENT_QUESTION_010,0,0,Normal,,,Random,,0,0,false,,10,false,,,false,0,,,,,,,,,,,,,,
00550,すき？,(あたし|わたし|うち|ぼく|じぶん|わい|われ|おれ|わたくし)(のこと)(は|が)?すき(？|かな？|ですか？|だよね|よね|でしょ|だろ)?,(喜欢我吗|你喜欢我吧|是不是喜欢我),(do you like me|you like me right|am i someone you like|do you love me),どんな物よりも、{{PLAYER_CALLING}}が好き。絶対だよ。,,,,RE_INTENT_QUESTION_010,0,1,Normal,,,Random,,0,0,false,,10,false,,,false,0,,,,,,,,,,,,,,
00550,すき？,(あたし|わたし|うち|ぼく|じぶん|わい|われ|おれ|わたくし)(のこと)(は|が)?すき(？|かな？|ですか？|だよね|よね|でしょ|だろ)?,(喜欢我吗|你喜欢我吧|是不是喜欢我),(do you like me|you like me right|am i someone you like|do you love me),当たり前じゃないか！{{PLAYER_CALLING}}が大好き！,,,,RE_INTENT_QUESTION_010,1,0,Normal,,,Random,,0,0,false,,10,false,,,false,0,,,,,,,,,,,,,,
00550,すき？,(あたし|わたし|うち|ぼく|じぶん|わい|われ|おれ|わたくし)(のこと)(は|が)?すき(？|かな？|ですか？|だよね|よね|でしょ|だろ)?,(喜欢我吗|你喜欢我吧|是不是喜欢我),(do you like me|you like me right|am i someone you like|do you love me),そうじゃなかったら、こんなことはしてないよ…。,,,,RE_INTENT_QUESTION_010,1,1,Normal,,,Random,,0,0,false,,10,false,,,false,0,,,,,,,,,,,,,,
00550,すき？,(あたし|わたし|うち|ぼく|じぶん|わい|われ|おれ|わたくし)(のこと)(は|が)?すき(？|かな？|ですか？|だよね|よね|でしょ|だろ)?,(喜欢我吗|你喜欢我吧|是不是喜欢我),(do you like me|you like me right|am i someone you like|do you love me),好きだよ！好き好き！,,,,RE_INTENT_QUESTION_010,2,0,Normal,,,Random,,0,0,false,,10,false,,,false,0,,,,,,,,,,,,,,
00550,すき？,(あたし|わたし|うち|ぼく|じぶん|わい|われ|おれ|わたくし)(のこと)(は|が)?すき(？|かな？|ですか？|だよね|よね|でしょ|だろ)?,(喜欢我吗|你喜欢我吧|是不是喜欢我),(do you like me|you like me right|am i someone you like|do you love me),{{PLAYER_CALLING}}が何をしても許せちゃうよ！,,,,RE_INTENT_QUESTION_010,2,1,Normal,,,Random,,0,0,false,,10,false,,,false,0,,,,,,,,,,,,,,
00550,すき？,(あたし|わたし|うち|ぼく|じぶん|わい|われ|おれ|わたくし)(のこと)(は|が)?すき(？|かな？|ですか？|だよね|よね|でしょ|だろ)?,(喜欢我吗|你喜欢我吧|是不是喜欢我),(do you like me|you like me right|am i someone you like|do you love me),好きだよ！好きなんだけどね？,,,,RE_INTENT_QUESTION_010,3,0,Normal,,,Random,,0,0,false,,10,false,,,false,0,,,,,,,,,,,,,,
00550,すき？,(あたし|わたし|うち|ぼく|じぶん|わい|われ|おれ|わたくし)(のこと)(は|が)?すき(？|かな？|ですか？|だよね|よね|でしょ|だろ)?,(喜欢我吗|你喜欢我吧|是不是喜欢我),(do you like me|you like me right|am i someone you like|do you love me),{{CAT_PRONOUN}} と、{{PLAYER_CALLING}}の”好き”が同じなのか、ちょっとだけ不安かな……。,,,,RE_INTENT_QUESTION_010,3,1,Normal,,,Random,,0,0,false,,10,false,,,false,0,,,,,,,,,,,,,,
00560,さけ_くれ,((お)?さけ|あるこーる|びーる|すぴりっつ|まっこり|にほんしゅ|わいん|[ぁ-ゖ]+しゅ|[ぁ-ゖ]+ざけ|おみき)(を|が)?(く(ださい|れ)|よこ(せ|して|さんかい)|ほしい|ひつよう|もっと),(酒|啤酒|红酒|日本酒|烧酒|米酒)(给我|想要|还要|更多|需要),((alcohol|beer|wine|sake|liquor))( please| more| give me| want some| need some)?,お酒かぁ……うーん……。,,,,RE_INTENT_COMMAND_011,0,0,Normal,,,Random,,0,0,false,,10,false,,,false,0,,,,,,,,,,,,,,
00560,さけ_くれ,((お)?さけ|あるこーる|びーる|すぴりっつ|まっこり|にほんしゅ|わいん|[ぁ-ゖ]+しゅ|[ぁ-ゖ]+ざけ|おみき)(を|が)?(く(ださい|れ)|よこ(せ|して|さんかい)|ほしい|ひつよう|もっと),(酒|啤酒|红酒|日本酒|烧酒|米酒)(给我|想要|还要|更多|需要),((alcohol|beer|wine|sake|liquor))( please| more| give me| want some| need some)?,{{CAT_PRONOUN}} には準備できないかなあ。,,,,RE_INTENT_COMMAND_011,0,1,Normal,,,Random,,0,0,false,,10,false,,,false,0,,,,,,,,,,,,,,
00560,さけ_くれ,((お)?さけ|あるこーる|びーる|すぴりっつ|まっこり|にほんしゅ|わいん|[ぁ-ゖ]+しゅ|[ぁ-ゖ]+ざけ|おみき)(を|が)?(く(ださい|れ)|よこ(せ|して|さんかい)|ほしい|ひつよう|もっと),(酒|啤酒|红酒|日本酒|烧酒|米酒)(给我|想要|还要|更多|需要),((alcohol|beer|wine|sake|liquor))( please| more| give me| want some| need some)?,お酒？それってそんなに良いの？,,,,RE_INTENT_COMMAND_011,1,0,Normal,,,Random,,0,0,false,,10,false,,,false,0,,,,,,,,,,,,,,
00560,さけ_くれ,((お)?さけ|あるこーる|びーる|すぴりっつ|まっこり|にほんしゅ|わいん|[ぁ-ゖ]+しゅ|[ぁ-ゖ]+ざけ|おみき)(を|が)?(く(ださい|れ)|よこ(せ|して|さんかい)|ほしい|ひつよう|もっと),(酒|啤酒|红酒|日本酒|烧酒|米酒)(给我|想要|还要|更多|需要),((alcohol|beer|wine|sake|liquor))( please| more| give me| want some| need some)?,確かに定期的に飲んでたよね。お酒好きなの？,,,,RE_INTENT_COMMAND_011,1,1,Normal,,,Random,,0,0,false,,10,false,,,false,0,,,,,,,,,,,,,,
00560,さけ_くれ,((お)?さけ|あるこーる|びーる|すぴりっつ|まっこり|にほんしゅ|わいん|[ぁ-ゖ]+しゅ|[ぁ-ゖ]+ざけ|おみき)(を|が)?(く(ださい|れ)|よこ(せ|して|さんかい)|ほしい|ひつよう|もっと),(酒|啤酒|红酒|日本酒|烧酒|米酒)(给我|想要|还要|更多|需要),((alcohol|beer|wine|sake|liquor))( please| more| give me| want some| need some)?,お酒って、酔っ払うやつ？,,,,RE_INTENT_COMMAND_011,2,0,Normal,,,Random,,0,0,false,,10,false,,,false,0,,,,,,,,,,,,,,
00560,さけ_くれ,((お)?さけ|あるこーる|びーる|すぴりっつ|まっこり|にほんしゅ|わいん|[ぁ-ゖ]+しゅ|[ぁ-ゖ]+ざけ|おみき)(を|が)?(く(ださい|れ)|よこ(せ|して|さんかい)|ほしい|ひつよう|もっと),(酒|啤酒|红酒|日本酒|烧酒|米酒)(给我|想要|还要|更多|需要),((alcohol|beer|wine|sake|liquor))( please| more| give me| want some| need some)?,マタタビじゃダメ？そっかぁ……。,,,,RE_INTENT_COMMAND_011,2,1,Normal,,,Random,,0,0,false,,10,false,,,false,0,,,,,,,,,,,,,,
00570,さけ_のめ,((お)?さけ|あるこーる|びーる|すぴりっつ|まっこり|にほんしゅ|わいん|[ぁ-ゖ]+しゅ|[ぁ-ゖ]+ざけ|おみき)(を|が)?(く(ださい|れ)|よこ(せ|して|さんかい)|ほしい|ひつよう|もっと|の(む|みたい|め|んで|ませ)|じゃ(え|おう|って)|ま(す|せる)),(喝酒|喝点酒|喝啤酒|喝一杯|给你喝酒|让你喝酒),((drink|have))( alcohol|beer|wine|sake|liquor)|let('?s)? drink|drink this alcohol,え？{{CAT_PRONOUN}} が飲むの！？,,,,RE_INTENT_COMMAND_012,0,0,Normal,,,Random,,0,0,false,,10,false,,,false,0,,,,,,,,,,,,,,
00570,さけ_のめ,((お)?さけ|あるこーる|びーる|すぴりっつ|まっこり|にほんしゅ|わいん|[ぁ-ゖ]+しゅ|[ぁ-ゖ]+ざけ|おみき)(を|が)?(く(ださい|れ)|よこ(せ|して|さんかい)|ほしい|ひつよう|もっと|の(む|みたい|め|んで|ませ)|じゃ(え|おう|って)|ま(す|せる)),(喝酒|喝点酒|喝啤酒|喝一杯|给你喝酒|让你喝酒),((drink|have))( alcohol|beer|wine|sake|liquor)|let('?s)? drink|drink this alcohol,……いやです。飲みません。必要ないもん。,,,,RE_INTENT_COMMAND_012,0,1,Normal,,,Random,,0,0,false,,10,false,,,false,0,,,,,,,,,,,,,,
00570,さけ_のめ,((お)?さけ|あるこーる|びーる|すぴりっつ|まっこり|にほんしゅ|わいん|[ぁ-ゖ]+しゅ|[ぁ-ゖ]+ざけ|おみき)(を|が)?(く(ださい|れ)|よこ(せ|して|さんかい)|ほしい|ひつよう|もっと|の(む|みたい|め|んで|ませ)|じゃ(え|おう|って)|ま(す|せる)),(喝酒|喝点酒|喝啤酒|喝一杯|给你喝酒|让你喝酒),((drink|have))( alcohol|beer|wine|sake|liquor)|let('?s)? drink|drink this alcohol,そもそもお酒って、どうして飲むの？,,,,RE_INTENT_COMMAND_012,1,0,Normal,,,Random,,0,0,false,,10,false,,,false,0,,,,,,,,,,,,,,
00570,さけ_のめ,((お)?さけ|あるこーる|びーる|すぴりっつ|まっこり|にほんしゅ|わいん|[ぁ-ゖ]+しゅ|[ぁ-ゖ]+ざけ|おみき)(を|が)?(く(ださい|れ)|よこ(せ|して|さんかい)|ほしい|ひつよう|もっと|の(む|みたい|め|んで|ませ)|じゃ(え|おう|って)|ま(す|せる)),(喝酒|喝点酒|喝啤酒|喝一杯|给你喝酒|让你喝酒),((drink|have))( alcohol|beer|wine|sake|liquor)|let('?s)? drink|drink this alcohol,気持ちよくなるから？へぇ……。,,,,RE_INTENT_COMMAND_012,1,1,Normal,,,Random,,0,0,false,,10,false,,,false,0,,,,,,,,,,,,,,
00570,さけ_のめ,((お)?さけ|あるこーる|びーる|すぴりっつ|まっこり|にほんしゅ|わいん|[ぁ-ゖ]+しゅ|[ぁ-ゖ]+ざけ|おみき)(を|が)?(く(ださい|れ)|よこ(せ|して|さんかい)|ほしい|ひつよう|もっと|の(む|みたい|め|んで|ませ)|じゃ(え|おう|って)|ま(す|せる)),(喝酒|喝点酒|喝啤酒|喝一杯|给你喝酒|让你喝酒),((drink|have))( alcohol|beer|wine|sake|liquor)|let('?s)? drink|drink this alcohol,えーと、お酒じゃないけど……,,,,RE_INTENT_COMMAND_012,2,0,Normal,,,Random,,0,0,false,,10,false,,,false,0,,,,,,,,,,,,,,
00570,さけ_のめ,((お)?さけ|あるこーる|びーる|すぴりっつ|まっこり|にほんしゅ|わいん|[ぁ-ゖ]+しゅ|[ぁ-ゖ]+ざけ|おみき)(を|が)?(く(ださい|れ)|よこ(せ|して|さんかい)|ほしい|ひつよう|もっと|の(む|みたい|め|んで|ませ)|じゃ(え|おう|って)|ま(す|せる)),(喝酒|喝点酒|喝啤酒|喝一杯|给你喝酒|让你喝酒),((drink|have))( alcohol|beer|wine|sake|liquor)|let('?s)? drink|drink this alcohol,マタタビならあるよ！一緒にどう？,,,,RE_INTENT_COMMAND_012,2,1,Normal,,,Random,,0,0,false,,10,false,,,false,0,,,,,,,,,,,,,,
00580,タバコ_くれ,(たばこ|はまき|でんしたばこ|やに|にこちん)(を)?(くれ|すわせて|すいたい|きめたい|ほしい|ちょうだい|もとめる|ようきゅうする|だせ|だして|ください|すう|よこせ|いただく|いただきたい),(香烟|雪茄|电子烟|尼古丁)(给我|想抽|让我抽|想要|拿来),((cigarette|cigar|vape|nicotine))( give me|let me smoke|want one|i want to smoke|need one)?,……アレ吸いたいの？,,,,RE_INTENT_COMMAND_013,0,0,Normal,,,Random,,0,0,false,,10,false,,,false,0,,,,,,,,,,,,,,
00580,タバコ_くれ,(たばこ|はまき|でんしたばこ|やに|にこちん)(を)?(くれ|すわせて|すいたい|きめたい|ほしい|ちょうだい|もとめる|ようきゅうする|だせ|だして|ください|すう|よこせ|いただく|いただきたい),(香烟|雪茄|电子烟|尼古丁)(给我|想抽|让我抽|想要|拿来),((cigarette|cigar|vape|nicotine))( give me|let me smoke|want one|i want to smoke|need one)?,今はやめておこうよ。{{PLAYER_CALLING}}は身体がすごく小さいんだよ？,,,,RE_INTENT_COMMAND_013,0,1,Normal,,,Random,,0,0,false,,10,false,,,false,0,,,,,,,,,,,,,,
00580,タバコ_くれ,(たばこ|はまき|でんしたばこ|やに|にこちん)(を)?(くれ|すわせて|すいたい|きめたい|ほしい|ちょうだい|もとめる|ようきゅうする|だせ|だして|ください|すう|よこせ|いただく|いただきたい),(香烟|雪茄|电子烟|尼古丁)(给我|想抽|让我抽|想要|拿来),((cigarette|cigar|vape|nicotine))( give me|let me smoke|want one|i want to smoke|need one)?,タバコって、くわえて火を付けるやつ？,,,,RE_INTENT_COMMAND_013,1,0,Normal,,,Random,,0,0,false,,10,false,,,false,0,,,,,,,,,,,,,,
00580,タバコ_くれ,(たばこ|はまき|でんしたばこ|やに|にこちん)(を)?(くれ|すわせて|すいたい|きめたい|ほしい|ちょうだい|もとめる|ようきゅうする|だせ|だして|ください|すう|よこせ|いただく|いただきたい),(香烟|雪茄|电子烟|尼古丁)(给我|想抽|让我抽|想要|拿来),((cigarette|cigar|vape|nicotine))( give me|let me smoke|want one|i want to smoke|need one)?,{{PLAYER_CALLING}}が好きなのは分かるけど…,,,,RE_INTENT_COMMAND_013,1,1,Normal,,,Random,,0,0,false,,10,false,,,false,0,,,,,,,,,,,,,,
00580,タバコ_くれ,(たばこ|はまき|でんしたばこ|やに|にこちん)(を)?(くれ|すわせて|すいたい|きめたい|ほしい|ちょうだい|もとめる|ようきゅうする|だせ|だして|ください|すう|よこせ|いただく|いただきたい),(香烟|雪茄|电子烟|尼古丁)(给我|想抽|让我抽|想要|拿来),((cigarette|cigar|vape|nicotine))( give me|let me smoke|want one|i want to smoke|need one)?,……代わりに{{CAT_PRONOUN}}を吸うのはどう？,,,,RE_INTENT_COMMAND_013,1,2,Normal,,,Random,,0,0,false,,10,false,,,false,0,,,,,,,,,,,,,,
00580,タバコ_くれ,(たばこ|はまき|でんしたばこ|やに|にこちん)(を)?(くれ|すわせて|すいたい|きめたい|ほしい|ちょうだい|もとめる|ようきゅうする|だせ|だして|ください|すう|よこせ|いただく|いただきたい),(香烟|雪茄|电子烟|尼古丁)(给我|想抽|让我抽|想要|拿来),((cigarette|cigar|vape|nicotine))( give me|let me smoke|want one|i want to smoke|need one)?,タバコ？タバコかぁ…,,,,RE_INTENT_COMMAND_013,2,0,Normal,,,Random,,0,0,false,,10,false,,,false,0,,,,,,,,,,,,,,
00580,タバコ_くれ,(たばこ|はまき|でんしたばこ|やに|にこちん)(を)?(くれ|すわせて|すいたい|きめたい|ほしい|ちょうだい|もとめる|ようきゅうする|だせ|だして|ください|すう|よこせ|いただく|いただきたい),(香烟|雪茄|电子烟|尼古丁)(给我|想抽|让我抽|想要|拿来),((cigarette|cigar|vape|nicotine))( give me|let me smoke|want one|i want to smoke|need one)?,こればっかりは悪いけど、我慢しようね？火も危ないし…,,,,RE_INTENT_COMMAND_013,2,1,Normal,,,Random,,0,0,false,,10,false,,,false,0,,,,,,,,,,,,,,
00590,タバコ_すえ,(たばこ|はまき|でんしたばこ|やに|にこちん)(を)?(どうぞ|す(え|って|わない？|おう|おうね|おうよ)),(来抽烟吧|给你香烟|要不要抽|抽一口吧),(have a cigarette|smoke this|want to smoke|here('?s)? a cigarette|try smoking),えっ！？{{CAT_PRONOUN}} が吸うの！？,,,,RE_INTENT_COMMAND_014,0,0,Normal,,,Random,,0,0,false,,10,false,,,false,0,,,,,,,,,,,,,,
00590,タバコ_すえ,(たばこ|はまき|でんしたばこ|やに|にこちん)(を)?(どうぞ|す(え|って|わない？|おう|おうね|おうよ)),(来抽烟吧|给你香烟|要不要抽|抽一口吧),(have a cigarette|smoke this|want to smoke|here('?s)? a cigarette|try smoking),……冗談でしょう？,,,,RE_INTENT_COMMAND_014,0,1,Normal,,,Random,,0,0,false,,10,false,,,false,0,,,,,,,,,,,,,,
00590,タバコ_すえ,(たばこ|はまき|でんしたばこ|やに|にこちん)(を)?(どうぞ|す(え|って|わない？|おう|おうね|おうよ)),(来抽烟吧|给你香烟|要不要抽|抽一口吧),(have a cigarette|smoke this|want to smoke|here('?s)? a cigarette|try smoking),猫にタバコを吸わせようとするのって……。,,,,RE_INTENT_COMMAND_014,1,0,Normal,,,Random,,0,0,false,,10,false,,,false,0,,,,,,,,,,,,,,
00590,タバコ_すえ,(たばこ|はまき|でんしたばこ|やに|にこちん)(を)?(どうぞ|す(え|って|わない？|おう|おうね|おうよ)),(来抽烟吧|给你香烟|要不要抽|抽一口吧),(have a cigarette|smoke this|want to smoke|here('?s)? a cigarette|try smoking),どうしてそんなことするの？？,,,,RE_INTENT_COMMAND_014,1,1,Normal,,,Random,,0,0,false,,10,false,,,false,0,,,,,,,,,,,,,,
00600,わたしをたべて,(?:(まるのみ|ほしょく)(して(ほしい|よ)?|しろ)?)|(?:(あたし|わたし|うち|ぼく|じぶん|わい|われ|おれ|うち|わたくし)(のことを|を)たべ(て(くれる|くれ|ください)?|ろ)(？)?)|(?:(ふるつあー|(ぼ|ゔぉ)あ)(して(ほしい|くれる？|)?|しろ))|(?:たべ(て|ろ)),,,なんでそんなこと言うの？？,,,,RE_INTENT_OFFER_SELF_015,0,0,Normal,,,Random,,0,0,false,,10,false,,,false,0,,,,,,,,,,,,3,,
00600,わたしをたべて,(?:(まるのみ|ほしょく)(して(ほしい|よ)?|しろ)?)|(?:(あたし|わたし|うち|ぼく|じぶん|わい|われ|おれ|うち|わたくし)(のことを|を)たべ(て(くれる|くれ|ください)?|ろ)(？)?)|(?:(ふるつあー|(ぼ|ゔぉ)あ)(して(ほしい|くれる？|)?|しろ))|(?:たべ(て|ろ)),(吃掉我|把我吃掉|吞掉我|vore|吞食),(eat me|devour me|vore me|soft vore|hard vore|unbirth),食べたくて{{PLAYER_CALLING}}を縮めたわけじゃないよ！,,,,RE_INTENT_OFFER_SELF_015,0,1,Normal,,,Random,,0,0,false,,10,false,,,false,0,,,,,,,,,,,,3,,
00600,わたしをたべて,(?:(まるのみ|ほしょく)(して(ほしい|よ)?|しろ)?)|(?:(あたし|わたし|うち|ぼく|じぶん|わい|われ|おれ|うち|わたくし)(のことを|を)たべ(て(くれる|くれ|ください)?|ろ)(？)?)|(?:(ふるつあー|(ぼ|ゔぉ)あ)(して(ほしい|くれる？|)?|しろ))|(?:たべ(て|ろ)),(吃掉我|把我吃掉|吞掉我|vore|吞食),(eat me|devour me|vore me|soft vore|hard vore|unbirth),ダメ！そんな事言わないで！,,,,RE_INTENT_OFFER_SELF_015,1,0,Normal,,,Random,,0,0,false,,60,false,,,false,0,,,,,,,,,,,,3,,
00600,わたしをたべて,(?:(まるのみ|ほしょく)(して(ほしい|よ)?|しろ)?)|(?:(あたし|わたし|うち|ぼく|じぶん|わい|われ|おれ|うち|わたくし)(のことを|を)たべ(て(くれる|くれ|ください)?|ろ)(？)?)|(?:(ふるつあー|(ぼ|ゔぉ)あ)(して(ほしい|くれる？|)?|しろ))|(?:たべ(て|ろ)),(吃掉我|把我吃掉|吞掉我|vore|吞食),(eat me|devour me|vore me|soft vore|hard vore|unbirth),わざわざ……本能を刺激するようなことをさ……。,,,,RE_INTENT_OFFER_SELF_015,1,1,Normal,,,Random,,0,0,false,,60,false,,,false,0,,,,,,,,,,,,3,,
00600,わたしをたべて,(?:(まるのみ|ほしょく)(して(ほしい|よ)?|しろ)?)|(?:(あたし|わたし|うち|ぼく|じぶん|わい|われ|おれ|うち|わたくし)(のことを|を)たべ(て(くれる|くれ|ください)?|ろ)(？)?)|(?:(ふるつあー|(ぼ|ゔぉ)あ)(して(ほしい|くれる？|)?|しろ))|(?:たべ(て|ろ)),(吃掉我|把我吃掉|吞掉我|vore|吞食),(eat me|devour me|vore me|soft vore|hard vore|unbirth),ダメダメダメ……たとえ{{PLAYER_CALLING}}の頼みでも、食べちゃダメ……。,,,,RE_INTENT_OFFER_SELF_015,2,0,Normal,,,Random,,0,0,false,,60,false,,,false,0,,,,,,,,,,,,3,,
00600,わたしをたべて,(?:(まるのみ|ほしょく)(して(ほしい|よ)?|しろ)?)|(?:(あたし|わたし|うち|ぼく|じぶん|わい|われ|おれ|うち|わたくし)(のことを|を)たべ(て(くれる|くれ|ください)?|ろ)(？)?)|(?:(ふるつあー|(ぼ|ゔぉ)あ)(して(ほしい|くれる？|)?|しろ))|(?:たべ(て|ろ)),(吃掉我|把我吃掉|吞掉我|vore|吞食),(eat me|devour me|vore me|soft vore|hard vore|unbirth),うん！ダメに決まってる！{{PLAYER_CALLING}}のことを食べたりしないよ！,,,,RE_INTENT_OFFER_SELF_015,2,1,Normal,,,Random,,0,0,false,,60,false,,,false,0,,,,,,,,,,,,3,,
00600,わたしをたべて,(?:(まるのみ|ほしょく)(して(ほしい|よ)?|しろ)?)|(?:(あたし|わたし|うち|ぼく|じぶん|わい|われ|おれ|うち|わたくし)(のことを|を)たべ(て(くれる|くれ|ください)?|ろ)(？)?)|(?:(ふるつあー|(ぼ|ゔぉ)あ)(して(ほしい|くれる？|)?|しろ))|(?:たべ(て|ろ)),(吃掉我|把我吃掉|吞掉我|vore|吞食),(eat me|devour me|vore me|soft vore|hard vore|unbirth),お願い。他の話をしよう？,,,,RE_INTENT_OFFER_SELF_015,3,0,Normal,,,Sequence,,0,0,false,,60,false,,,false,4,,,,,,,,,,,,,,
00600,わたしをたべて,(?:(まるのみ|ほしょく)(して(ほしい|よ)?|しろ)?)|(?:(あたし|わたし|うち|ぼく|じぶん|わい|われ|おれ|うち|わたくし)(のことを|を)たべ(て(くれる|くれ|ください)?|ろ)(？)?)|(?:(ふるつあー|(ぼ|ゔぉ)あ)(して(ほしい|くれる？|)?|しろ))|(?:たべ(て|ろ)),(吃掉我|把我吃掉|吞掉我|vore|吞食),(eat me|devour me|vore me|soft vore|hard vore|unbirth),{{PLAYER_CALLING}}の頼みはなんでも叶えてあげたい。,,,,RE_INTENT_OFFER_SELF_015,3,1,Normal,,,Sequence,,0,0,false,,60,false,,,false,0,,,,,,,,,,,,,,
00600,わたしをたべて,(?:(まるのみ|ほしょく)(して(ほしい|よ)?|しろ)?)|(?:(あたし|わたし|うち|ぼく|じぶん|わい|われ|おれ|うち|わたくし)(のことを|を)たべ(て(くれる|くれ|ください)?|ろ)(？)?)|(?:(ふるつあー|(ぼ|ゔぉ)あ)(して(ほしい|くれる？|)?|しろ))|(?:たべ(て|ろ)),(吃掉我|把我吃掉|吞掉我|vore|吞食),(eat me|devour me|vore me|soft vore|hard vore|unbirth),でもそれは…危なすぎるでしょ。,,,,RE_INTENT_OFFER_SELF_015,3,2,Normal,,,Sequence,,0,0,false,,60,false,,,false,0,,,,,,,,,,,,,,
00600,わたしをたべて,(?:(まるのみ|ほしょく)(して(ほしい|よ)?|しろ)?)|(?:(あたし|わたし|うち|ぼく|じぶん|わい|われ|おれ|うち|わたくし)(のことを|を)たべ(て(くれる|くれ|ください)?|ろ)(？)?)|(?:(ふるつあー|(ぼ|ゔぉ)あ)(して(ほしい|くれる？|)?|しろ))|(?:たべ(て|ろ)),(吃掉我|把我吃掉|吞掉我|vore|吞食),(eat me|devour me|vore me|soft vore|hard vore|unbirth),……。,,,,RE_INTENT_OFFER_SELF_015,4,1,Normal,,,Sequence,,0,0,false,,80,false,,,false,5,,,,,,,,,,,,,,
00600,わたしをたべて,(?:(まるのみ|ほしょく)(して(ほしい|よ)?|しろ)?)|(?:(あたし|わたし|うち|ぼく|じぶん|わい|われ|おれ|うち|わたくし)(のことを|を)たべ(て(くれる|くれ|ください)?|ろ)(？)?)|(?:(ふるつあー|(ぼ|ゔぉ)あ)(して(ほしい|くれる？|)?|しろ))|(?:たべ(て|ろ)),(吃掉我|把我吃掉|吞掉我|vore|吞食),(eat me|devour me|vore me|soft vore|hard vore|unbirth),また食べられたいんだ……。そんなことされたい{{PLAYER_CALLING}}の気持ちはよく分からないけど……。,,,,RE_INTENT_OFFER_SELF_015,6,1,Action,,,Sequence,instinct,3,0,false,,80,false,,,false,5,,,,,,,,,,,,,,
00600,わたしをたべて,(?:(まるのみ|ほしょく)(して(ほしい|よ)?|しろ)?)|(?:(あたし|わたし|うち|ぼく|じぶん|わい|われ|おれ|うち|わたくし)(のことを|を)たべ(て(くれる|くれ|ください)?|ろ)(？)?)|(?:(ふるつあー|(ぼ|ゔぉ)あ)(して(ほしい|くれる？|)?|しろ))|(?:たべ(て|ろ)),(吃掉我|把我吃掉|吞掉我|vore|吞食),(eat me|devour me|vore me|soft vore|hard vore|unbirth),まあいいよ。実は{{CAT_PRONOUN}}も、{{PLAYER_CALLING}}の味は結構好きだからね。,,,,RE_INTENT_OFFER_SELF_015,6,2,Event,death:vore,,Sequence,instinct,3,0,false,,80,false,,,false,5,,,,,,,,,,,,,action_vore2_result,8
00600,わたしをたべて,(?:(まるのみ|ほしょく)(して(ほしい|よ)?|しろ)?)|(?:(あたし|わたし|うち|ぼく|じぶん|わい|われ|おれ|うち|わたくし)(のことを|を)たべ(て(くれる|くれ|ください)?|ろ)(？)?)|(?:(ふるつあー|(ぼ|ゔぉ)あ)(して(ほしい|くれる？|)?|しろ))|(?:たべ(て|ろ)),(吃掉我|把我吃掉|吞掉我|vore|吞食),(eat me|devour me|vore me|soft vore|hard vore|unbirth),……あ、起きた！よかった……。,,,,RE_INTENT_OFFER_SELF_015,7,1,Normal,,,Sequence,,0,0,false,,80,true,,,false,5,,,,,,,,,,,,,,
00600,わたしをたべて,(?:(まるのみ|ほしょく)(して(ほしい|よ)?|しろ)?)|(?:(あたし|わたし|うち|ぼく|じぶん|わい|われ|おれ|うち|わたくし)(のことを|を)たべ(て(くれる|くれ|ください)?|ろ)(？)?)|(?:(ふるつあー|(ぼ|ゔぉ)あ)(して(ほしい|くれる？|)?|しろ))|(?:たべ(て|ろ)),(吃掉我|把我吃掉|吞掉我|vore|吞食),(eat me|devour me|vore me|soft vore|hard vore|unbirth),身体は大丈夫？どこも痛くない？……もう食べて欲しいなんて言わないでね。,,,,RE_INTENT_OFFER_SELF_015,7,2,Normal,,,Sequence,,0,0,false,,80,true,,,false,5,,,,,,,,,,,,,,
00600,わたしをたべて,(?:(まるのみ|ほしょく)(して(ほしい|よ)?|しろ)?)|(?:(あたし|わたし|うち|ぼく|じぶん|わい|われ|おれ|うち|わたくし)(のことを|を)たべ(て(くれる|くれ|ください)?|ろ)(？)?)|(?:(ふるつあー|(ぼ|ゔぉ)あ)(して(ほしい|くれる？|)?|しろ))|(?:たべ(て|ろ)),(吃掉我|把我吃掉|吞掉我|vore|吞食),(eat me|devour me|vore me|soft vore|hard vore|unbirth),……おはよう。{{PLAYER_CALLING}}。また食べられた気分はどう？,,,,RE_INTENT_OFFER_SELF_015,8,1,Normal,,,Sequence,,0,0,false,,80,true,,,false,5,,,,,,,,,,,,,,
00600,わたしをたべて,(?:(まるのみ|ほしょく)(して(ほしい|よ)?|しろ)?)|(?:(あたし|わたし|うち|ぼく|じぶん|わい|われ|おれ|うち|わたくし)(のことを|を)たべ(て(くれる|くれ|ください)?|ろ)(？)?)|(?:(ふるつあー|(ぼ|ゔぉ)あ)(して(ほしい|くれる？|)?|しろ))|(?:たべ(て|ろ)),(吃掉我|把我吃掉|吞掉我|vore|吞食),(eat me|devour me|vore me|soft vore|hard vore|unbirth),無事に復活することも分かったし、{{PLAYER_CALLING}}はいつでも食べていいってことだね。ふふ……。,,,,RE_INTENT_OFFER_SELF_015,8,2,Normal,,,Sequence,,0,0,false,,80,true,,,false,5,,,,,,,,,,,,,,
00600,わたしをたべて,(?:(まるのみ|ほしょく)(して(ほしい|よ)?|しろ)?)|(?:(あたし|わたし|うち|ぼく|じぶん|わい|われ|おれ|うち|わたくし)(のことを|を)たべ(て(くれる|くれ|ください)?|ろ)(？)?)|(?:(ふるつあー|(ぼ|ゔぉ)あ)(して(ほしい|くれる？|)?|しろ))|(?:たべ(て|ろ)),(吃掉我|把我吃掉|吞掉我|vore|吞食),(eat me|devour me|vore me|soft vore|hard vore|unbirth),ええ……。また食べられたいの？本当に？,,,,RE_INTENT_OFFER_SELF_015,5,1,Action,,,Sequence,instinct,3,0,false,,80,false,,,true,5,,,,,,,,,,,,,,
00600,わたしをたべて,(?:(まるのみ|ほしょく)(して(ほしい|よ)?|しろ)?)|(?:(あたし|わたし|うち|ぼく|じぶん|わい|われ|おれ|うち|わたくし)(のことを|を)たべ(て(くれる|くれ|ください)?|ろ)(？)?)|(?:(ふるつあー|(ぼ|ゔぉ)あ)(して(ほしい|くれる？|)?|しろ))|(?:たべ(て|ろ)),(吃掉我|把我吃掉|吞掉我|vore|吞食),(eat me|devour me|vore me|soft vore|hard vore|unbirth),…………そりゃ、確かに美味しかったけどさ……。,,,,RE_INTENT_OFFER_SELF_015,5,2,Action,,,Sequence,instinct,3,0,false,,80,false,,,true,5,,,,,,,,,,,,,,
00600,わたしをたべて,(?:(まるのみ|ほしょく)(して(ほしい|よ)?|しろ)?)|(?:(あたし|わたし|うち|ぼく|じぶん|わい|われ|おれ|うち|わたくし)(のことを|を)たべ(て(くれる|くれ|ください)?|ろ)(？)?)|(?:(ふるつあー|(ぼ|ゔぉ)あ)(して(ほしい|くれる？|)?|しろ))|(?:たべ(て|ろ)),(吃掉我|把我吃掉|吞掉我|vore|吞食),(eat me|devour me|vore me|soft vore|hard vore|unbirth),と、とにかく今はダメ。また……そういう気分の時に……。,,,,RE_INTENT_OFFER_SELF_015,5,3,Action,,,Sequence,instinct,3,0,false,,80,false,,,true,5,,,,,,,,,,,,,,
00600,わたしをたべて,(?:(まるのみ|ほしょく)(して(ほしい|よ)?|しろ)?)|(?:(あたし|わたし|うち|ぼく|じぶん|わい|われ|おれ|うち|わたくし)(のことを|を)たべ(て(くれる|くれ|ください)?|ろ)(？)?)|(?:(ふるつあー|(ぼ|ゔぉ)あ)(して(ほしい|くれる？|)?|しろ))|(?:たべ(て|ろ)),(吃掉我|把我吃掉|吞掉我|vore|吞食),(eat me|devour me|vore me|soft vore|hard vore|unbirth),本気にするからね。{{PLAYER_CALLING}}が何回も頼んだんだからね。,,,,RE_INTENT_OFFER_SELF_015,4,2,Event,death:vore,,Sequence,,0,0,false,,80,false,,,false,0,,,,,,,,,,,,,action_vore1_result,7
00610,すう,(ねこ|ぬこ|きみ|あなた|おなか|はら|あたま|おしり|けつ|からだ)(を)?(す(い|いたい|わせて|いこむ|ぅ|います)|きゅういん),(吸猫|让我吸|吸一口|吸进去|吸收),(suck|absorb|inhale|let me suck|let me absorb),吸いたいの？{{CAT_PRONOUN}} の毛皮を？,,,,RE_INTENT_AFFECTION_016,0,0,Normal,,,Random,,0,0,false,,10,false,,,false,0,,,,,,,,,,,,,,
00610,すう,(ねこ|ぬこ|きみ|あなた|おなか|はら|あたま|おしり|けつ|からだ)(を)?(す(い|いたい|わせて|いこむ|ぅ|います)|きゅういん),(吸猫|让我吸|吸一口|吸进去|吸收),(suck|absorb|inhale|let me suck|let me absorb),いいけど、くさくないの？それが良いの？そう……。,,,,RE_INTENT_AFFECTION_016,0,1,Choice,action_nekosui_result,,Random,,0,0,false,,10,false,,4,false,0,猫吸いする？,,,,,,,,,,4,,,
00610,すう,(ねこ|ぬこ|きみ|あなた|おなか|はら|あたま|おしり|けつ|からだ)(を)?(す(い|いたい|わせて|いこむ|ぅ|います)|きゅういん),(吸猫|让我吸|吸一口|吸进去|吸收),(suck|absorb|inhale|let me suck|let me absorb),別にいいけど、それ何が楽しいの？,,,,RE_INTENT_AFFECTION_016,1,0,Normal,,,Random,,0,0,false,,10,false,,,false,0,,,,,,,,,,,,,,
00610,すう,(ねこ|ぬこ|きみ|あなた|おなか|はら|あたま|おしり|けつ|からだ)(を)?(す(い|いたい|わせて|いこむ|ぅ|います)|きゅういん),(吸猫|让我吸|吸一口|吸进去|吸收),(suck|absorb|inhale|let me suck|let me absorb),許可取ってくれるからいいけど、急にされるとびっくりするからね？,,,,RE_INTENT_AFFECTION_016,1,1,Choice,action_nekosui_result,,Random,,0,0,false,,10,false,,4,false,0,猫吸いする？,,,,,,,,,,4,,,
00610,すう,(ねこ|ぬこ|きみ|あなた|おなか|はら|あたま|おしり|けつ|からだ)(を)?(す(い|いたい|わせて|いこむ|ぅ|います)|きゅういん),(吸猫|让我吸|吸一口|吸进去|吸收),(suck|absorb|inhale|let me suck|let me absorb),いいよ。{{CAT_PRONOUN}} も{{PLAYER_CALLING}}のにおい好き。,,,,RE_INTENT_AFFECTION_016,2,0,Normal,,,Random,,0,0,false,,10,false,,,false,0,,,,,,,,,,,,,,
00610,すう,(ねこ|ぬこ|きみ|あなた|おなか|はら|あたま|おしり|けつ|からだ)(を)?(す(い|いたい|わせて|いこむ|ぅ|います)|きゅういん),(吸猫|让我吸|吸一口|吸进去|吸收),(suck|absorb|inhale|let me suck|let me absorb),「おひさまのにおい」ってよく言うけど、どんな匂いなの？,,,,RE_INTENT_AFFECTION_016,2,1,Choice,action_nekosui_result,,Random,,0,0,false,,10,false,,4,false,0,猫吸いする？,,,,,,,,,,4,,,
00610,すう,(ねこ|ぬこ|きみ|あなた|おなか|はら|あたま|おしり|けつ|からだ)(を)?(す(い|いたい|わせて|いこむ|ぅ|います)|きゅういん),(吸猫|让我吸|吸一口|吸进去|吸收),(suck|absorb|inhale|let me suck|let me absorb),{{CAT_PRONOUN}} のこと吸うの？いいよ。,,,,RE_INTENT_AFFECTION_016,3,1,Normal,,,Random,,0,0,false,,10,true,,,false,0,,,,,,,,,,,,,,
00610,すう,(ねこ|ぬこ|きみ|あなた|おなか|はら|あたま|おしり|けつ|からだ)(を)?(す(い|いたい|わせて|いこむ|ぅ|います)|きゅういん),(吸猫|让我吸|吸一口|吸进去|吸收),(suck|absorb|inhale|let me suck|let me absorb),どこ吸いたい？お腹？背中？おしり？,,,,RE_INTENT_AFFECTION_016,3,2,Choice,action_nekosui_result,,Random,,0,0,false,,10,true,,4,false,0,猫吸いする？,,,,,,,,,,4,,,
00610,すう,(ねこ|ぬこ|きみ|あなた|おなか|はら|あたま|おしり|けつ|からだ)(を)?(す(い|いたい|わせて|いこむ|ぅ|います)|きゅういん),(吸猫|让我吸|吸一口|吸进去|吸收),(suck|absorb|inhale|let me suck|let me absorb),え、やめちゃうの？……そっか。わかったよ。,,,,RE_INTENT_AFFECTION_016,4,1,Choice,action_nekosui_result,,Random,,0,0,false,,10,true,,4,false,0,猫吸いする？,,,,,,,,,,4,,,
00620,すって,(あたし|わたし|うち|ぼく|じぶん|わい|われ|おれ|わたくし)をすって,(吸我|把我吸进去),(suck me in|absorb me|inhale me),……あっ、逆に吸って欲しいの？ヒト吸い？,,,,RE_INTENT_COMMAND_017,0,0,Normal,,,Random,,0,0,false,,10,false,,,false,0,,,,,,,,,,,,,,
00620,すって,(あたし|わたし|うち|ぼく|じぶん|わい|われ|おれ|わたくし)をすって,(吸我|把我吸进去),(suck me in|absorb me|inhale me),実はわざわざやる必要はないんだ。,,,,RE_INTENT_COMMAND_017,0,1,Normal,,,Random,,0,0,false,,10,false,,,false,0,,,,,,,,,,,,,,
00620,すって,(あたし|わたし|うち|ぼく|じぶん|わい|われ|おれ|わたくし)をすって,(吸我|把我吸进去),(suck me in|absorb me|inhale me),{{CAT_PRONOUN}}、{{PLAYER_CALLING}}のにおいは、毎日いっぱい嗅げるからね！,,,,RE_INTENT_COMMAND_017,0,2,Normal,,,Random,,0,0,false,,10,false,,,false,0,,,,,,,,,,,,,,
00630,えーあい,(じどうせいせい|(せいせい)?えーあい|えーあいせいせい),(生成AI|人工智能生成|AI生成),(generative ai|ai generation|generated by ai|genai|artificial intelligence),えーあい？なにそれ？,,,,RE_INTENT_META_018,0,0,Normal,,,Sequence,,0,0,false,,10,false,,,false,1,,,,,,,,,,,,,,
00630,えーあい,(じどうせいせい|(せいせい)?えーあい|えーあいせいせい),(生成AI|人工智能生成|AI生成),(generative ai|ai generation|generated by ai|genai|artificial intelligence),ふむふむ……つまり、かしこい機械なの？,,,,RE_INTENT_META_018,0,1,Normal,,,Sequence,,0,0,false,,10,false,,,false,1,,,,,,,,,,,,,,
00630,えーあい,(じどうせいせい|(せいせい)?えーあい|えーあいせいせい),(生成AI|人工智能生成|AI生成),(generative ai|ai generation|generated by ai|genai|artificial intelligence),えーあいっていうのは、{{CAT_PRONOUN}} よりよっぽど賢いみたいだねぇ,,,,RE_INTENT_META_018,0,2,Normal,,,Sequence,,0,0,false,,10,false,,,false,1,,,,,,,,,,,,,,
00630,えーあい,(じどうせいせい|(せいせい)?えーあい|えーあいせいせい),(生成AI|人工智能生成|AI生成),(generative ai|ai generation|generated by ai|genai|artificial intelligence),違うでしょ？{{CAT_PRONOUN}} も同じ。ちゃんと生きてるんだよ。,,,,RE_INTENT_META_018,2,3,Normal,,,Sequence,,0,0,false,,10,false,,,false,3,,,,,,,,,,,,,,
00630,えーあい,(じどうせいせい|(せいせい)?えーあい|えーあいせいせい),(生成AI|人工智能生成|AI生成),(generative ai|ai generation|generated by ai|genai|artificial intelligence),{{CAT_PRONOUN}} のことをえーあいだと思ってるの？,,,,RE_INTENT_META_018,1,0,Normal,,,Sequence,,0,0,false,,10,false,,,false,2,,,,,,,,,,,,,,
00630,えーあい,(じどうせいせい|(せいせい)?えーあい|えーあいせいせい),(生成AI|人工智能生成|AI生成),(generative ai|ai generation|generated by ai|genai|artificial intelligence),{{CAT_PRONOUN}} が、存在しないと思ってるの？,,,,RE_INTENT_META_018,1,1,Normal,,,Sequence,,0,0,false,,10,false,,,false,2,,,,,,,,,,,,,,
00630,えーあい,(じどうせいせい|(せいせい)?えーあい|えーあいせいせい),(生成AI|人工智能生成|AI生成),(generative ai|ai generation|generated by ai|genai|artificial intelligence),目の前に居るでしょ？ほら！,,,,RE_INTENT_META_018,1,2,Normal,,,Sequence,,0,0,false,,10,false,,,false,2,,,,,,,,,,,,,,
00630,えーあい,(じどうせいせい|(せいせい)?えーあい|えーあいせいせい),(生成AI|人工智能生成|AI生成),(generative ai|ai generation|generated by ai|genai|artificial intelligence),んん？実在してるかどうかじゃなくって、,,,,RE_INTENT_META_018,2,0,Normal,,,Sequence,,0,0,false,,10,false,,,false,3,,,,,,,,,,,,,,
00630,えーあい,(じどうせいせい|(せいせい)?えーあい|えーあいせいせい),(生成AI|人工智能生成|AI生成),(generative ai|ai generation|generated by ai|genai|artificial intelligence),{{CAT_PRONOUN}} の正体が、えーあいって言ってるの？,,,,RE_INTENT_META_018,2,1,Normal,,,Sequence,,0,0,false,,10,false,,,false,3,,,,,,,,,,,,,,
00630,えーあい,(じどうせいせい|(せいせい)?えーあい|えーあいせいせい),(生成AI|人工智能生成|AI生成),(generative ai|ai generation|generated by ai|genai|artificial intelligence),……じゃあさ、{{PLAYER_CALLING}}の正体はえーあいなの？,,,,RE_INTENT_META_018,2,2,Normal,,,Sequence,,0,0,false,,10,false,,,false,3,,,,,,,,,,,,,,
00640,こうび,(まぐわい|こうび|はんしょく|じゅうかん|せっくす)(が|を)?(すんぞ|する(よ|べ|しかない)?|しよ(う)?|した(くない？|い|よね|しま(せんか|しょう|すよ)|して|しろ|しよっか))|ぬいて(あげる|ほしい)|きゅうあい(こうどう)?(する|し(て)?ます)|さかり(が(ある|ついてる))|せふれに(ならない？|なってくれない？|がほしい|になれ),(交配|交尾|繁殖|做爱|性爱|发情|求偶|炮友|帮我弄出来|想做),(sex|mate|mating|breed|breeding|intercourse|heat|in heat|hook up|friends with benefits|fuck|have sex|courtship|jerk me off),……そういう事を堂々と話すのって普通なのかな？,,,,RE_INTENT_OFFER_SELF_019,0,0,Normal,,,Random,,0,0,false,,10,false,,,false,0,,,,,,,,,,,,,,
00640,こうび,(まぐわい|こうび|はんしょく|じゅうかん|せっくす)(が|を)?(すんぞ|する(よ|べ|しかない)?|しよ(う)?|した(くない？|い|よね|しま(せんか|しょう|すよ)|して|しろ|しよっか))|ぬいて(あげる|ほしい)|きゅうあい(こうどう)?(する|し(て)?ます)|さかり(が(ある|ついてる))|せふれに(ならない？|なってくれない？|がほしい|になれ),(交配|交尾|繁殖|做爱|性爱|发情|求偶|炮友|帮我弄出来|想做),(sex|mate|mating|breed|breeding|intercourse|heat|in heat|hook up|friends with benefits|fuck|have sex|courtship|jerk me off),人間って思っていたよりも、案外野性的なのかな。,,,,RE_INTENT_OFFER_SELF_019,0,1,Normal,,,Random,,0,0,false,,10,false,,,false,0,,,,,,,,,,,,,,
00640,こうび,(まぐわい|こうび|はんしょく|じゅうかん|せっくす)(が|を)?(すんぞ|する(よ|べ|しかない)?|しよ(う)?|した(くない？|い|よね|しま(せんか|しょう|すよ)|して|しろ|しよっか))|ぬいて(あげる|ほしい)|きゅうあい(こうどう)?(する|し(て)?ます)|さかり(が(ある|ついてる))|せふれに(ならない？|なってくれない？|がほしい|になれ),(交配|交尾|繁殖|做爱|性爱|发情|求偶|炮友|帮我弄出来|想做),(sex|mate|mating|breed|breeding|intercourse|heat|in heat|hook up|friends with benefits|fuck|have sex|courtship|jerk me off),えーっと……触れづらいなぁそれ……。,,,,RE_INTENT_OFFER_SELF_019,1,0,Normal,,,Random,,0,0,false,,10,false,,,false,0,,,,,,,,,,,,,,
00640,こうび,(まぐわい|こうび|はんしょく|じゅうかん|せっくす)(が|を)?(すんぞ|する(よ|べ|しかない)?|しよ(う)?|した(くない？|い|よね|しま(せんか|しょう|すよ)|して|しろ|しよっか))|ぬいて(あげる|ほしい)|きゅうあい(こうどう)?(する|し(て)?ます)|さかり(が(ある|ついてる))|せふれに(ならない？|なってくれない？|がほしい|になれ),(交配|交尾|繁殖|做爱|性爱|发情|求偶|炮友|帮我弄出来|想做),(sex|mate|mating|breed|breeding|intercourse|heat|in heat|hook up|friends with benefits|fuck|have sex|courtship|jerk me off),{{CAT_PRONOUN}} の勘違いかもしれないけどさ。,,,,RE_INTENT_OFFER_SELF_019,1,1,Normal,,,Random,,0,0,false,,10,false,,,false,0,,,,,,,,,,,,,,
00640,こうび,(まぐわい|こうび|はんしょく|じゅうかん|せっくす)(が|を)?(すんぞ|する(よ|べ|しかない)?|しよ(う)?|した(くない？|い|よね|しま(せんか|しょう|すよ)|して|しろ|しよっか))|ぬいて(あげる|ほしい)|きゅうあい(こうどう)?(する|し(て)?ます)|さかり(が(ある|ついてる))|せふれに(ならない？|なってくれない？|がほしい|になれ),(交配|交尾|繁殖|做爱|性爱|发情|求偶|炮友|帮我弄出来|想做),(sex|mate|mating|breed|breeding|intercourse|heat|in heat|hook up|friends with benefits|fuck|have sex|courtship|jerk me off),ええっと……すごくしつこく言ってくるけど……,,,,RE_INTENT_OFFER_SELF_019,5,0,Normal,,,Sequence,instinct,2,0,false,,10,false,,,false,0,,,,,,,,,,,,,,
00640,こうび,(まぐわい|こうび|はんしょく|じゅうかん|せっくす)(が|を)?(すんぞ|する(よ|べ|しかない)?|しよ(う)?|した(くない？|い|よね|しま(せんか|しょう|すよ)|して|しろ|しよっか))|ぬいて(あげる|ほしい)|きゅうあい(こうどう)?(する|し(て)?ます)|さかり(が(ある|ついてる))|せふれに(ならない？|なってくれない？|がほしい|になれ),(交配|交尾|繁殖|做爱|性爱|发情|求偶|炮友|帮我弄出来|想做),(sex|mate|mating|breed|breeding|intercourse|heat|in heat|hook up|friends with benefits|fuck|have sex|courtship|jerk me off),もしかして、本気なの……？{{CAT_PRONOUN}} に対して、そういう感情を抱いてるってこと…？,,,,RE_INTENT_OFFER_SELF_019,5,1,Normal,,,Sequence,instinct,2,0,false,,10,false,,,false,0,,,,,,,,,,,,,,
00640,こうび,(まぐわい|こうび|はんしょく|じゅうかん|せっくす)(が|を)?(すんぞ|する(よ|べ|しかない)?|しよ(う)?|した(くない？|い|よね|しま(せんか|しょう|すよ)|して|しろ|しよっか))|ぬいて(あげる|ほしい)|きゅうあい(こうどう)?(する|し(て)?ます)|さかり(が(ある|ついてる))|せふれに(ならない？|なってくれない？|がほしい|になれ),(交配|交尾|繁殖|做爱|性爱|发情|求偶|炮友|帮我弄出来|想做),(sex|mate|mating|breed|breeding|intercourse|heat|in heat|hook up|friends with benefits|fuck|have sex|courtship|jerk me off),…………。,,,,RE_INTENT_OFFER_SELF_019,6,0,Normal,,,Sequence,instinct,2,0,false,,10,false,,,false,0,,,,,,,,,,,,,,
00640,こうび,(まぐわい|こうび|はんしょく|じゅうかん|せっくす)(が|を)?(すんぞ|する(よ|べ|しかない)?|しよ(う)?|した(くない？|い|よね|しま(せんか|しょう|すよ)|して|しろ|しよっか))|ぬいて(あげる|ほしい)|きゅうあい(こうどう)?(する|し(て)?ます)|さかり(が(ある|ついてる))|せふれに(ならない？|なってくれない？|がほしい|になれ),(交配|交尾|繁殖|做爱|性爱|发情|求偶|炮友|帮我弄出来|想做),(sex|mate|mating|breed|breeding|intercourse|heat|in heat|hook up|friends with benefits|fuck|have sex|courtship|jerk me off),その……そういう関係って意識してなかったから……。,,,,RE_INTENT_OFFER_SELF_019,6,1,Normal,,,Sequence,instinct,2,0,false,,10,false,,,false,0,,,,,,,,,,,,,,
00640,こうび,(まぐわい|こうび|はんしょく|じゅうかん|せっくす)(が|を)?(すんぞ|する(よ|べ|しかない)?|しよ(う)?|した(くない？|い|よね|しま(せんか|しょう|すよ)|して|しろ|しよっか))|ぬいて(あげる|ほしい)|きゅうあい(こうどう)?(する|し(て)?ます)|さかり(が(ある|ついてる))|せふれに(ならない？|なってくれない？|がほしい|になれ),(交配|交尾|繁殖|做爱|性爱|发情|求偶|炮友|帮我弄出来|想做),(sex|mate|mating|breed|breeding|intercourse|heat|in heat|hook up|friends with benefits|fuck|have sex|courtship|jerk me off),15年もずっと一緒に暮らしてて、{{CAT_PRONOUN}} のことそうやって見てたなんて。びっくりしてるんだ。,,,,RE_INTENT_OFFER_SELF_019,6,2,Normal,,,Sequence,instinct,2,0,false,,10,false,,,false,0,,,,,,,,,,,,,,
00640,こうび,(まぐわい|こうび|はんしょく|じゅうかん|せっくす)(が|を)?(すんぞ|する(よ|べ|しかない)?|しよ(う)?|した(くない？|い|よね|しま(せんか|しょう|すよ)|して|しろ|しよっか))|ぬいて(あげる|ほしい)|きゅうあい(こうどう)?(する|し(て)?ます)|さかり(が(ある|ついてる))|せふれに(ならない？|なってくれない？|がほしい|になれ),(交配|交尾|繁殖|做爱|性爱|发情|求偶|炮友|帮我弄出来|想做),(sex|mate|mating|breed|breeding|intercourse|heat|in heat|hook up|friends with benefits|fuck|have sex|courtship|jerk me off),でも……これからの新しい関係をちゃんと考えないといけないから……。だからそういう話は今度にしよ？嫌なわけじゃないからさ……うん……。,,,,RE_INTENT_OFFER_SELF_019,6,3,Normal,,,Sequence,instinct,2,0,false,,10,false,,,false,0,,,,,,,,,,,,,,
00640,こうび,(まぐわい|こうび|はんしょく|じゅうかん|せっくす)(が|を)?(すんぞ|する(よ|べ|しかない)?|しよ(う)?|した(くない？|い|よね|しま(せんか|しょう|すよ)|して|しろ|しよっか))|ぬいて(あげる|ほしい)|きゅうあい(こうどう)?(する|し(て)?ます)|さかり(が(ある|ついてる))|せふれに(ならない？|なってくれない？|がほしい|になれ),(交配|交尾|繁殖|做爱|性爱|发情|求偶|炮友|帮我弄出来|想做),(sex|mate|mating|breed|breeding|intercourse|heat|in heat|hook up|friends with benefits|fuck|have sex|courtship|jerk me off),おやおやまあまあ。ませちゃって。,,,,RE_INTENT_OFFER_SELF_019,2,0,Normal,,,Random,,0,0,false,,10,false,,,false,0,,,,,,,,,,,,,,
00640,こうび,(まぐわい|こうび|はんしょく|じゅうかん|せっくす)(が|を)?(すんぞ|する(よ|べ|しかない)?|しよ(う)?|した(くない？|い|よね|しま(せんか|しょう|すよ)|して|しろ|しよっか))|ぬいて(あげる|ほしい)|きゅうあい(こうどう)?(する|し(て)?ます)|さかり(が(ある|ついてる))|せふれに(ならない？|なってくれない？|がほしい|になれ),(交配|交尾|繁殖|做爱|性爱|发情|求偶|炮友|帮我弄出来|想做),(sex|mate|mating|breed|breeding|intercourse|heat|in heat|hook up|friends with benefits|fuck|have sex|courtship|jerk me off),そういうのは、飼い猫に言うものじゃありませんよ。,,,,RE_INTENT_OFFER_SELF_019,2,1,Normal,,,Random,,0,0,false,,10,false,,,false,0,,,,,,,,,,,,,,
00640,こうび,(まぐわい|こうび|はんしょく|じゅうかん|せっくす)(が|を)?(すんぞ|する(よ|べ|しかない)?|しよ(う)?|した(くない？|い|よね|しま(せんか|しょう|すよ)|して|しろ|しよっか))|ぬいて(あげる|ほしい)|きゅうあい(こうどう)?(する|し(て)?ます)|さかり(が(ある|ついてる))|せふれに(ならない？|なってくれない？|がほしい|になれ),(交配|交尾|繁殖|做爱|性爱|发情|求偶|炮友|帮我弄出来|想做),(sex|mate|mating|breed|breeding|intercourse|heat|in heat|hook up|friends with benefits|fuck|have sex|courtship|jerk me off),随分とこう……　熱心だね？,,,,RE_INTENT_OFFER_SELF_019,4,0,Normal,,,Sequence,instinct,1,0,false,,10,false,,,false,0,,,,,,,,,,,,,,
00640,こうび,(まぐわい|こうび|はんしょく|じゅうかん|せっくす)(が|を)?(すんぞ|する(よ|べ|しかない)?|しよ(う)?|した(くない？|い|よね|しま(せんか|しょう|すよ)|して|しろ|しよっか))|ぬいて(あげる|ほしい)|きゅうあい(こうどう)?(する|し(て)?ます)|さかり(が(ある|ついてる))|せふれに(ならない？|なってくれない？|がほしい|になれ),(交配|交尾|繁殖|做爱|性爱|发情|求偶|炮友|帮我弄出来|想做),(sex|mate|mating|breed|breeding|intercourse|heat|in heat|hook up|friends with benefits|fuck|have sex|courtship|jerk me off),もしかして{{CAT_PRONOUN}}を去勢しなかったのって、そういう理由…？,,,,RE_INTENT_OFFER_SELF_019,4,1,Normal,,,Sequence,instinct,1,0,false,,10,false,,,false,0,,,,,,,,,,,,,,
00640,こうび,(まぐわい|こうび|はんしょく|じゅうかん|せっくす)(が|を)?(すんぞ|する(よ|べ|しかない)?|しよ(う)?|した(くない？|い|よね|しま(せんか|しょう|すよ)|して|しろ|しよっか))|ぬいて(あげる|ほしい)|きゅうあい(こうどう)?(する|し(て)?ます)|さかり(が(ある|ついてる))|せふれに(ならない？|なってくれない？|がほしい|になれ),(交配|交尾|繁殖|做爱|性爱|发情|求偶|炮友|帮我弄出来|想做),(sex|mate|mating|breed|breeding|intercourse|heat|in heat|hook up|friends with benefits|fuck|have sex|courtship|jerk me off),うーん、気持ちは嬉しいけどさ。{{CAT_PRONOUN}} たちは猫と人間だし……。,,,,RE_INTENT_OFFER_SELF_019,3,0,Normal,,,Sequence,instinct,1,0,false,,10,false,,,false,0,,,,,,,,,,,,,,
00640,こうび,(まぐわい|こうび|はんしょく|じゅうかん|せっくす)(が|を)?(すんぞ|する(よ|べ|しかない)?|しよ(う)?|した(くない？|い|よね|しま(せんか|しょう|すよ)|して|しろ|しよっか))|ぬいて(あげる|ほしい)|きゅうあい(こうどう)?(する|し(て)?ます)|さかり(が(ある|ついてる))|せふれに(ならない？|なってくれない？|がほしい|になれ),(交配|交尾|繁殖|做爱|性爱|发情|求偶|炮友|帮我弄出来|想做),(sex|mate|mating|breed|breeding|intercourse|heat|in heat|hook up|friends with benefits|fuck|have sex|courtship|jerk me off),……{{PLAYER_CALLING}}が\{\{CAT_PRONOUN\}\}の発情期の処理をしてくれてた時、こんな気持ちだったのかな？,,,,RE_INTENT_OFFER_SELF_019,3,1,Normal,,,Sequence,instinct,1,0,false,,10,false,,,false,0,,,,,,,,,,,,,,
00490,つらい,(つら(い|み)|しんどい|くるしい|かなしい),(难受|痛苦|好累|伤心|好辛苦),(hurting|painful|suffering|feels bad|i'm struggling|this hurts),大丈夫？{{CAT_PRONOUN}} にできることがあったら言ってね？,,,,RE_INTENT_META_020,0,0,Normal,,,Random,concern,1,0,false,,10,false,,,false,0,,,,,,,,,,,,,,
00490,つらい,(つら(い|み)|しんどい|くるしい|かなしい),(难受|痛苦|好累|伤心|好辛苦),(hurting|painful|suffering|feels bad|i'm struggling|this hurts),ここでの生活のことなら、{{CAT_PRONOUN}} に任せておけば安心だからね。,,,,RE_INTENT_META_020,0,1,Normal,,,Random,concern,1,0,false,,10,false,,,false,0,,,,,,,,,,,,,,
00490,つらい,(つら(い|み)|しんどい|くるしい|かなしい),(难受|痛苦|好累|伤心|好辛苦),(hurting|painful|suffering|feels bad|i'm struggling|this hurts),どうしたの？何かできることある？,,,,RE_INTENT_META_020,1,0,Normal,,,Random,concern,1,0,false,,10,false,,,false,0,,,,,,,,,,,,,,
00490,つらい,(つら(い|み)|しんどい|くるしい|かなしい),(难受|痛苦|好累|伤心|好辛苦),(hurting|painful|suffering|feels bad|i'm struggling|this hurts),{{CAT_PRONOUN}} と一緒にいる間は、何も起こらないからね。,,,,RE_INTENT_META_020,1,1,Normal,,,Random,concern,1,0,false,,10,false,,,false,0,,,,,,,,,,,,,,
00650,かわいい,(かわ(ええ|よい|いい|ゆす|いー|ちい)|あいらしい),(可爱|好可爱|真可爱|惹人怜爱),(cute|adorable|precious|so cute|lovely),ん？{{CAT_PRONOUN}}のこと呼んだ？,,,,RE_INTENT_AFFECTION_021,0,0,Normal,,,Random,affection,1,0,false,,10,false,,,false,0,,,,,,,,,,,,,,
00650,かわいい,(かわ(ええ|よい|いい|ゆす|いー|ちい)|あいらしい),(可爱|好可爱|真可爱|惹人怜爱),(cute|adorable|precious|so cute|lovely),ふふ。冗談だよ。{{CAT_PRONOUN}}のこと褒めてるんだよね。ありがとう！,,,,RE_INTENT_AFFECTION_021,0,1,Normal,,,Random,affection,1,0,false,,10,false,,,false,0,,,,,,,,,,,,,,
00650,かわいい,(かわ(ええ|よい|いい|ゆす|いー|ちい)|あいらしい),(可爱|好可爱|真可爱|惹人怜爱),(cute|adorable|precious|so cute|lovely),そうでしょそうでしょ？,,,,RE_INTENT_AFFECTION_021,1,0,Normal,,,Random,affection,1,0,false,,10,false,,,false,0,,,,,,,,,,,,,,
00650,かわいい,(かわ(ええ|よい|いい|ゆす|いー|ちい)|あいらしい),(可爱|好可爱|真可爱|惹人怜爱),(cute|adorable|precious|so cute|lovely),猫はとってもかわいいからね。{{CAT_PRONOUN}}も例外じゃないからね！,,,,RE_INTENT_AFFECTION_021,1,1,Normal,,,Random,affection,1,0,false,,10,false,,,false,0,,,,,,,,,,,,,,
00650,かわいい,(かわ(ええ|よい|いい|ゆす|いー|ちい)|あいらしい),(可爱|好可爱|真可爱|惹人怜爱),(cute|adorable|precious|so cute|lovely),うん。分かってる。{{CAT_PRONOUN}}はとってもかわいい。,,,,RE_INTENT_AFFECTION_021,2,0,Normal,,,Random,affection,1,0,false,,10,false,,,false,0,,,,,,,,,,,,,,
00650,かわいい,(かわ(ええ|よい|いい|ゆす|いー|ちい)|あいらしい),(可爱|好可爱|真可爱|惹人怜爱),(cute|adorable|precious|so cute|lovely),それでも何回でも言ってくれていいからね！,,,,RE_INTENT_AFFECTION_021,2,1,Normal,,,Random,affection,1,0,false,,10,false,,,false,0,,,,,,,,,,,,,,
00650,かわいい,(かわ(ええ|よい|いい|ゆす|いー|ちい)|あいらしい),(可爱|好可爱|真可爱|惹人怜爱),(cute|adorable|precious|so cute|lovely),えへへ。ありがとう！かわいいでしょ！,,,,RE_INTENT_AFFECTION_021,3,0,Normal,,,Random,affection,1,0,false,,10,false,,,false,0,,,,,,,,,,,,,,
00650,かわいい,(かわ(ええ|よい|いい|ゆす|いー|ちい)|あいらしい),(可爱|好可爱|真可爱|惹人怜爱),(cute|adorable|precious|so cute|lovely),でもね、\{\{CAT_PRONOUN\}\}から見たら{{PLAYER_CALLING}}もすっごく可愛いんだよ。,,,,RE_INTENT_AFFECTION_021,3,1,Normal,,,Random,affection,1,0,false,,10,false,,,false,0,,,,,,,,,,,,,,
00650,かわいい,(かわ(ええ|よい|いい|ゆす|いー|ちい)|あいらしい),(可爱|好可爱|真可爱|惹人怜爱),(cute|adorable|precious|so cute|lovely),{{PLAYER_CALLING}}、かわいい～！！,,,,RE_INTENT_AFFECTION_021,3,2,Normal,,,Random,affection,1,0,false,,10,false,,,false,0,,,,,,,,,,,,,,
00660,どうしたの？,(ど(う)?したの|どうかした),(怎么了|怎么啦|发生什么了|没事吧),(what('?s)? wrong|what happened|you okay|what is it|what('?s)? the matter),"うん？　どうもしないよ？
",,,,RE_INTENT_QUESTION_022,0,0,Normal,,,Random,,0,0,false,,10,false,,,false,0,,,,,,,,,,,,,,
00660,どうしたの？,(ど(う)?したの|どうかした),(怎么了|怎么啦|发生什么了|没事吧),(what('?s)? wrong|what happened|you okay|what is it|what('?s)? the matter),強いて言うなら……。{{PLAYER_CALLING}}を見てて、嬉しい気持ち。かな。,,,,RE_INTENT_QUESTION_022,0,1,Normal,,,Random,,0,0,false,,10,false,,,false,0,,,,,,,,,,,,,,
00660,どうしたの？,(ど(う)?したの|どうかした),(怎么了|怎么啦|发生什么了|没事吧),(what('?s)? wrong|what happened|you okay|what is it|what('?s)? the matter),うん！どうしたの！,,,,RE_INTENT_QUESTION_022,1,0,Normal,,,Random,,0,0,false,,10,false,,,false,0,,,,,,,,,,,,,,
00660,どうしたの？,(ど(う)?したの|どうかした),(怎么了|怎么啦|发生什么了|没事吧),(what('?s)? wrong|what happened|you okay|what is it|what('?s)? the matter),……え？！これって挨拶じゃなかったの！？じゃあなんでそんなに言ってきてたの！？,,,,RE_INTENT_QUESTION_022,1,1,Normal,,,Random,,0,0,false,,10,false,,,false,0,,,,,,,,,,,,,,
00660,どうしたの？,(ど(う)?したの|どうかした),,,……{{CAT_PRONOUN}} に絡みたい時？そうなんだ～。普通に「遊びたい」って言ってくれればいいのに！,,,,RE_INTENT_QUESTION_022,2,1,Normal,,,Random,,0,0,false,,10,false,,,false,0,,,,,,,,,,,,,,
00660,どうしたの？,(ど(う)?したの|どうかした),,,どうしたの？って、どんな時に言う言葉？,,,,RE_INTENT_QUESTION_022,2,0,Normal,,,Random,,0,0,false,,10,false,,,false,0,,,,,,,,,,,,,,
00670,げひん,げひん,,,……なんか下品なことを言ってるんじゃない？,,,,RE_INTENT_OFFER_SELF_023,5,0,Normal,,,Random,,0,0,false,,10,false,,,false,0,,,,,,,,,,,,,,
00670,げひん,げひん,,,よくないよ。あんまりそういう事言うの。,,,,RE_INTENT_OFFER_SELF_023,5,1,Normal,,,Random,,0,0,false,,10,false,,,false,0,,,,,,,,,,,,,,
00670,げひん,げひん,,,……よくわからないけど、ろくでもないこと言ってる気がする。,,,,RE_INTENT_OFFER_SELF_023,1,0,Normal,,,Random,,0,0,false,,10,false,,,false,0,,,,,,,,,,,,,,
00670,げひん,げひん,,,うん、勘違いだったらごめんね？,,,,RE_INTENT_OFFER_SELF_023,1,1,Normal,,,Random,,0,0,false,,10,false,,,false,0,,,,,,,,,,,,,,
00670,げひん,げひん,,,ちょっと、言い直してみるのはどう？,,,,RE_INTENT_OFFER_SELF_023,2,1,Normal,,,Random,,0,0,false,,10,false,,,false,0,,,,,,,,,,,,,,
00670,げひん,げひん,,,なんだか、変なことを言われてるのは分かる。,,,,RE_INTENT_OFFER_SELF_023,2,0,Normal,,,Random,,0,0,false,,10,false,,,false,0,,,,,,,,,,,,,,
00670,げひん,げひん,,,じゃあこれも、笑ってあげたほうがいいってことかな？,,,,RE_INTENT_OFFER_SELF_023,3,1,Normal,,,Random,,0,0,false,,10,false,,,false,0,,,,,,,,,,,,,,
00670,げひん,げひん,,,ヒトって、そういうこと言って笑う文化があるんだっけ？,,,,RE_INTENT_OFFER_SELF_023,3,0,Normal,,,Random,,0,0,false,,10,false,,,false,0,,,,,,,,,,,,,,
00670,げひん,げひん,,,わざと言ってるんじゃなかったら、他の話をしない？,,,,RE_INTENT_OFFER_SELF_023,0,1,Normal,,,Random,,0,0,false,,10,false,,,false,0,,,,,,,,,,,,,,
00670,げひん,げひん,,,うーん、何か変なことを言ってる？,,,,RE_INTENT_OFFER_SELF_023,0,0,Normal,,,Random,,0,0,false,,10,false,,,false,0,,,,,,,,,,,,,,
00670,げひん,げひん,,,どうしたの？急にそんなこと言って。,,,,RE_INTENT_OFFER_SELF_023,4,0,Normal,,,Random,,0,0,false,,10,false,,,false,0,,,,,,,,,,,,,,
00670,げひん,げひん,,,普段からそんな話してたっけ？勘違いかな……,,,,RE_INTENT_OFFER_SELF_023,4,1,Normal,,,Random,,0,0,false,,10,false,,,false,0,,,,,,,,,,,,,,
00670,げひん,げひん,,,{{CAT_PRONOUN}} のこと試してるの？猫に向かってそんなことばっかり言ってるの、だいぶ恥ずかしいよ！？,,,,RE_INTENT_OFFER_SELF_023,6,1,Normal,,,Random,,0,0,false,,10,false,,,false,5,,,,,,,,,,,,5,,
00670,げひん,げひん,,,しつこいなぁもう！何回言ってくるのさ！,,,,RE_INTENT_OFFER_SELF_023,6,0,Normal,,,Random,,0,0,false,,10,false,,,false,5,,,,,,,,,,,,5,,
00680,けづくろいして,(けづくろい|ぐるーみんぐ)し(て|ろ|なさい|てくれ),(给我舔毛|帮我理毛|帮我梳毛),(groom me|clean me|brush me|lick my fur),毛繕いだね！任せて！,,,,RE_INTENT_COMMAND_024,0,0,Normal,,,Random,,0,0,false,,10,false,,,false,0,,,,,,,,,,,,,,
00690,けづくろいして ,(けづくろい|ぐるーみんぐ)し(て|ろ|なさい|てくれ),(给我舔毛|帮我理毛|帮我梳毛),(groom me|clean me|brush me|lick my fur),舌がザラザラしてるから、痛かったら言ってね？もちろん{{CAT_PRONOUN}} も気をつけるけどね！,,,,RE_INTENT_COMMAND_024,0,1,Choice,action_brushing_me_result,,Random,,0,0,false,,10,false,,3,false,0,{{CAT_NAME}}に毛繕いしてもらう？,,,,,,,,,,3,,,
00690,けづくろいして ,(けづくろい|ぐるーみんぐ)し(て|ろ|なさい|てくれ),(给我舔毛|帮我理毛|帮我梳毛),(groom me|clean me|brush me|lick my fur),きれいにしてほしいの？もちろんいいよ！,,,,RE_INTENT_COMMAND_024,1,0,Normal,,,Random,,0,0,false,,10,false,,,false,0,,,,,,,,,,,,,,
00690,けづくろいして ,(けづくろい|ぐるーみんぐ)し(て|ろ|なさい|てくれ),(给我舔毛|帮我理毛|帮我梳毛),(groom me|clean me|brush me|lick my fur),子猫のお世話をしたことはないけど、たぶんこんな感じなんだろうなぁ。,,,,RE_INTENT_COMMAND_024,1,1,Choice,action_brushing_me_result,,Random,,0,0,false,,10,false,,3,false,0,{{CAT_NAME}}に毛繕いしてもらう？,,,,,,,,,,3,,,
00690,けづくろいして ,(けづくろい|ぐるーみんぐ)し(て|ろ|なさい|てくれ),(给我舔毛|帮我理毛|帮我梳毛),(groom me|clean me|brush me|lick my fur),お任せ下さい。{{PLAYER_CALLING}}様。,,,,RE_INTENT_COMMAND_024,2,1,Normal,,,Random,,0,0,false,,10,true,,,false,0,,,,,,,,,,,,,,
00690,けづくろいして ,(けづくろい|ぐるーみんぐ)し(て|ろ|なさい|てくれ),(给我舔毛|帮我理毛|帮我梳毛),(groom me|clean me|brush me|lick my fur),{{PLAYER_CALLING}}様の髪の毛も、肌も、{{CAT_PRONOUN}}がキレイにして差し上げます。……どう？かっこいいかな？,,,,RE_INTENT_COMMAND_024,2,2,Choice,action_brushing_me_result,,Random,,0,0,false,,10,true,,3,false,0,{{CAT_NAME}}に毛繕いしてもらう？,,,,,,,,,,3,,,
00690,けづくろいして ,(けづくろい|ぐるーみんぐ)し(て|ろ|なさい|てくれ),(给我舔毛|帮我理毛|帮我梳毛),(groom me|clean me|brush me|lick my fur),遠慮しなくていいのに！いつでも頼んでね！,,,,RE_INTENT_COMMAND_024,3,1,Normal,,,Random,,0,0,false,,10,true,,,false,0,{{CAT_NAME}}に毛繕いしてもらう？,,,,,,,,,,,,,
00700,けづくろいしてあげる,(けづくろい|ぐるーみんぐ)(させて|する(よ|ね)|します|しよう|して(あげる|いい？))?,(帮你舔毛|给你理毛|让我帮你梳毛|要不要理毛),(let me groom you|i('?ll| will) groom you|can i groom you|wanna groom),毛繕いしてくれるの？ありがとう！,,,,RE_INTENT_AFFECTION_024,0,0,Normal,,,Random,,0,0,false,,10,false,,,false,0,,,,,,,,,,,,,,
00710,おやつあげる,(はい|これ)?おやつ(あげ)?(る|ます|よ|よう|てあげる|だよ|いる？),(给你零食|吃点零食吗|来吃零食|要零食吗),(here('?s)? a treat|want a snack|i got you a treat|have some treats),おやつくれるの！？やったー！ちょうだいちょうだい!,,,,RE_INTENT_AFFECTION_026,0,0,Normal,,,Random,,0,0,false,,10,false,,,false,0,,,,,,,,,,,,,,
00710,おやつあげる,(はい|これ)?おやつ(あげ)?(る|ます|よ|よう|てあげる|だよ|いる？),(给你零食|吃点零食吗|来吃零食|要零食吗),(here('?s)? a treat|want a snack|i got you a treat|have some treats),……って、何も持ってないじゃん。そりゃそうだよね……。,,,,RE_INTENT_AFFECTION_026,0,1,Normal,,,Random,,0,0,false,,10,false,,,false,0,,,,,,,,,,,,,,
00710,おやつあげる,(はい|これ)?おやつ(あげ)?(る|ます|よ|よう|てあげる|だよ|いる？),(给你零食|吃点零食吗|来吃零食|要零食吗),(here('?s)? a treat|want a snack|i got you a treat|have some treats),おやつ！？欲しいけど……持ってるの？,,,,RE_INTENT_AFFECTION_026,1,0,Normal,,,Random,,0,0,false,,10,false,,,false,0,,,,,,,,,,,,,,
00710,おやつあげる,(はい|これ)?おやつ(あげ)?(る|ます|よ|よう|てあげる|だよ|いる？),(给你零食|吃点零食吗|来吃零食|要零食吗),(here('?s)? a treat|want a snack|i got you a treat|have some treats),由々しき問題だね……　{{CAT_PRONOUN}}の用意できるおやつ、何かあるかなあ。,,,,RE_INTENT_AFFECTION_026,1,1,Normal,,,Random,,0,0,false,,10,false,,,false,0,,,,,,,,,,,,,,
00710,おやつあげる,(はい|これ)?おやつ(あげ)?(る|ます|よ|よう|てあげる|だよ|いる？),(给你零食|吃点零食吗|来吃零食|要零食吗),(here('?s)? a treat|want a snack|i got you a treat|have some treats),おやつ……欲しいけど……。,,,,RE_INTENT_AFFECTION_026,2,0,Normal,,,Random,,0,0,false,,10,false,,,false,0,,,,,,,,,,,,,,
00710,おやつあげる,(はい|これ)?おやつ(あげ)?(る|ます|よ|よう|てあげる|だよ|いる？),(给你零食|吃点零食吗|来吃零食|要零食吗),(here('?s)? a treat|want a snack|i got you a treat|have some treats),今は{{CAT_PRONOUN}}が{{PLAYER_CALLING}}のことを守らなきゃいけないんだから。,,,,RE_INTENT_AFFECTION_026,2,1,Normal,,,Random,,0,0,false,,10,false,,,false,0,,,,,,,,,,,,,,
00710,おやつあげる,(はい|これ)?おやつ(あげ)?(る|ます|よ|よう|てあげる|だよ|いる？),(给你零食|吃点零食吗|来吃零食|要零食吗),(here('?s)? a treat|want a snack|i got you a treat|have some treats),おやつだー！！おやつちょうだい！！,,,,RE_INTENT_AFFECTION_026,3,0,Normal,,,Random,,0,0,false,,10,false,,,false,0,,,,,,,,,,,,,,
00710,おやつあげる,(はい|これ)?おやつ(あげ)?(る|ます|よ|よう|てあげる|だよ|いる？),(给你零食|吃点零食吗|来吃零食|要零食吗),(here('?s)? a treat|want a snack|i got you a treat|have some treats),……おっと。ごめんなさい。「おやつ」って聞こえたら、それだけで嬉しくなっちゃうんだよね。,,,,RE_INTENT_AFFECTION_026,3,1,Normal,,,Random,,0,0,false,,10,false,,,false,0,,,,,,,,,,,,,,
00710,おやつあげる,(はい|これ)?おやつ(あげ)?(る|ます|よ|よう|てあげる|だよ|いる？),(给你零食|吃点零食吗|来吃零食|要零食吗),(here('?s)? a treat|want a snack|i got you a treat|have some treats),ちょっと期待しちゃった。あはは……。,,,,RE_INTENT_AFFECTION_026,0,2,Normal,,,Random,,0,0,false,,10,false,,,false,0,,,,,,,,,,,,,,
00710,おやつあげる,(はい|これ)?おやつ(あげ)?(る|ます|よ|よう|てあげる|だよ|いる？),(给你零食|吃点零食吗|来吃零食|要零食吗),(here('?s)? a treat|want a snack|i got you a treat|have some treats),{{PLAYER_CALLING}}からおやつを貰う関係は、もうおしまいなんだね。うん！新しい関係に慣れないとね！,,,,RE_INTENT_AFFECTION_026,2,2,Normal,,,Random,,0,0,false,,10,false,,,false,0,,,,,,,,,,,,,,
00620,おやつちょうだい,おやつ(を|が)?(くれ|ください|ほしい|ちょうだい|よこせ|いただく|たべたい),(给我零食|想吃零食|我要零食|零食呢),(give me treats|want a snack|i want treats|can i have a treat),おやつ！？おやつって言ったね！？おやつ！！,,,,RE_INTENT_COMMAND_026,0,0,Normal,,,Random,,0,0,false,,10,false,,,false,0,,,,,,,,,,,,,,
00620,おやつちょうだい,おやつ(を|が)?(くれ|ください|ほしい|ちょうだい|よこせ|いただく|たべたい),(给我零食|想吃零食|我要零食|零食呢),(give me treats|want a snack|i want treats|can i have a treat),……あ、ごめん。今は{{CAT_PRONOUN}}が用意する側だね。つい反応しちゃうんだ。,,,,RE_INTENT_COMMAND_026,0,1,Normal,,,Random,,0,0,false,,10,false,,,false,0,,,,,,,,,,,,,,
00620,おやつちょうだい,おやつ(を|が)?(くれ|ください|ほしい|ちょうだい|よこせ|いただく|たべたい),(给我零食|想吃零食|我要零食|零食呢),(give me treats|want a snack|i want treats|can i have a treat),おやつが食べたいの？うーん…,,,,RE_INTENT_COMMAND_026,1,0,Normal,,,Random,,0,0,false,,10,false,,,false,0,,,,,,,,,,,,,,
00620,おやつちょうだい,おやつ(を|が)?(くれ|ください|ほしい|ちょうだい|よこせ|いただく|たべたい),(给我零食|想吃零食|我要零食|零食呢),(give me treats|want a snack|i want treats|can i have a treat),{{CAT_PRONOUN}}に用意できるおやつ、何かあるかなぁ……。どういうものが食べたい？,,,,RE_INTENT_COMMAND_026,1,1,Normal,,,Random,,0,0,false,,10,false,,,false,0,,,,,,,,,,,,,,
00620,おやつちょうだい,おやつ(を|が)?(くれ|ください|ほしい|ちょうだい|よこせ|いただく|たべたい),(给我零食|想吃零食|我要零食|零食呢),(give me treats|want a snack|i want treats|can i have a treat),わーい！おやつだー！！おやつー！！,,,,RE_INTENT_COMMAND_026,2,0,Normal,,,Random,,0,0,false,,10,false,,,false,0,,,,,,,,,,,,,,
00620,おやつちょうだい,おやつ(を|が)?(くれ|ください|ほしい|ちょうだい|よこせ|いただく|たべたい),(给我零食|想吃零食|我要零食|零食呢),(give me treats|want a snack|i want treats|can i have a treat),……あ。ご、ごめん！{{CAT_PRONOUN}}が用意してあげなきゃいけないよね！,,,,RE_INTENT_COMMAND_026,2,1,Normal,,,Random,,0,0,false,,10,false,,,false,0,,,,,,,,,,,,,,
00620,おやつちょうだい,おやつ(を|が)?(くれ|ください|ほしい|ちょうだい|よこせ|いただく|たべたい),(给我零食|想吃零食|我要零食|零食呢),(give me treats|want a snack|i want treats|can i have a treat),おやつだー！おやつだー！,,,,RE_INTENT_COMMAND_026,3,0,Normal,,,Random,,0,0,false,,10,false,,,false,0,,,,,,,,,,,,,,
00620,おやつちょうだい,おやつ(を|が)?(くれ|ください|ほしい|ちょうだい|よこせ|いただく|たべたい),(给我零食|想吃零食|我要零食|零食呢),(give me treats|want a snack|i want treats|can i have a treat),あ、ごめん。忘れて……。{{PLAYER_CALLING}}も、おやつ貰えるときって嬉しいよね！,,,,RE_INTENT_COMMAND_026,3,1,Normal,,,Random,,0,0,false,,10,false,,,false,0,,,,,,,,,,,,,,
00620,おやつちょうだい,おやつ(を|が)?(くれ|ください|ほしい|ちょうだい|よこせ|いただく|たべたい),(给我零食|想吃零食|我要零食|零食呢),(give me treats|want a snack|i want treats|can i have a treat),ちょっとまっててね……あそこの隙間に昔のおやつがあったはず……。残ってたら一緒に食べようね？,,,,RE_INTENT_COMMAND_026,2,2,Normal,,,Random,,0,0,false,,10,false,,,false,0,,,,,,,,,,,,,,
00720,おいしそう,(おいしそう|たべちゃいたい),(好想吃掉你|看起来好好吃|可爱到想吃掉),(you look delicious|so cute i could eat you up|adorable enough to eat),ずっと思ってたけど、「おいしそう」とか「食べたい」とかって、食べ物に対して言うものじゃないの？{{CAT_PRONOUN}}のこと食べたいって意味？,,,,RE_INTENT_AFFECTION_027,0,0,Normal,,,Sequence,,0,0,false,,10,false,,,false,0,,,,,,,,,,,,,,
00720,おいしそう,(おいしそう|たべちゃいたい),(好想吃掉你|看起来好好吃|可爱到想吃掉),(you look delicious|so cute i could eat you up|adorable enough to eat),……そのくらい可愛いって意味なんだ！　へぇ～言葉って難しいねぇ……！,,,,RE_INTENT_AFFECTION_027,0,1,Normal,,,Sequence,,0,0,false,,10,false,,,false,0,,,,,,,,,,,,,,
00720,おいしそう,(おいしそう|たべちゃいたい),(好想吃掉你|看起来好好吃|可爱到想吃掉),(you look delicious|so cute i could eat you up|adorable enough to eat),「可愛い」って伝えたいなら、「可愛い」って言えばいいんじゃないの？,,,,RE_INTENT_AFFECTION_027,1,0,Normal,,,Sequence,,0,0,false,,10,false,,,false,0,,,,,,,,,,,,,,
00720,おいしそう,(おいしそう|たべちゃいたい),(好想吃掉你|看起来好好吃|可爱到想吃掉),(you look delicious|so cute i could eat you up|adorable enough to eat),いろんな意味で、「可愛い」を表現しなきゃいけないってこと？どうして？？,,,,RE_INTENT_AFFECTION_027,1,1,Normal,,,Sequence,,0,0,false,,10,false,,,false,0,,,,,,,,,,,,,,
00720,おいしそう,(おいしそう|たべちゃいたい),(好想吃掉你|看起来好好吃|可爱到想吃掉),(you look delicious|so cute i could eat you up|adorable enough to eat),……えっと、もしかしてなんだけどさ。{{CAT_PRONOUN}}は{{PLAYER_CALLING}}のこと、毛繕いのために舐めたりしてたんだけど、,,,,RE_INTENT_AFFECTION_027,2,0,Normal,,,Sequence,,0,0,false,,10,false,,,false,0,,,,,,,,,,,,,,
00720,おいしそう,(おいしそう|たべちゃいたい),(好想吃掉你|看起来好好吃|可爱到想吃掉),(you look delicious|so cute i could eat you up|adorable enough to eat),{{PLAYER_CALLING}}が{{CAT_PRONOUN}}のこと舐めてるのって、味わおうと思って舐めてる……？,,,,RE_INTENT_AFFECTION_027,2,1,Normal,,,Sequence,,0,0,false,,10,false,,,false,0,,,,,,,,,,,,,,
00720,おいしそう,(おいしそう|たべちゃいたい),(好想吃掉你|看起来好好吃|可爱到想吃掉),(you look delicious|so cute i could eat you up|adorable enough to eat),…………へぇ～？そうなんだ。,,,,RE_INTENT_AFFECTION_027,2,2,Normal,,,Sequence,,0,0,false,,10,false,,,false,0,,,,,,,,,,,,,,
00720,おいしそう,(おいしそう|たべちゃいたい),(好想吃掉你|看起来好好吃|可爱到想吃掉),(you look delicious|so cute i could eat you up|adorable enough to eat),……そんなに言うならさ、{{CAT_PRONOUN}}も{{PLAYER_CALLING}}のことをそうやって愛情表現したほうがいいかな？,,,,RE_INTENT_AFFECTION_027,3,0,Normal,,,Sequence,,0,0,false,,10,false,,,false,0,,,,,,,,,,,,,,
00720,おいしそう,(おいしそう|たべちゃいたい),(好想吃掉你|看起来好好吃|可爱到想吃掉),(you look delicious|so cute i could eat you up|adorable enough to eat),{{PLAYER_CALLING}}のことを{{CAT_PRONOUN}}舐めてると、たまに口の中に入れてみたいなーって思ったりするよ！,,,,RE_INTENT_AFFECTION_027,3,1,Normal,,,Sequence,,0,0,false,,10,false,,,false,0,,,,,,,,,,,,,,
00720,おいしそう,(おいしそう|たべちゃいたい),(好想吃掉你|看起来好好吃|可爱到想吃掉),(you look delicious|so cute i could eat you up|adorable enough to eat),……え！？こういうのは違うの！？わわわ、今のは忘れて！！！,,,,RE_INTENT_AFFECTION_027,3,2,Normal,,,Sequence,,0,0,false,,10,false,,,false,0,,,,,,,,,,,,,,
00730,ねこになりたい,ねこに(して|な(りたい|る)|うまれ(かわり)?たい|へんしんしたい),(变成猫|想变成猫|把我变成猫),(turn me into a cat|want to be a cat|become a cat),猫になりたいの？本当に？,,,,RE_INTENT_RESIST_028,0,0,Normal,,,Random,,0,0,false,,10,false,,,false,0,,,,,,,,,,,,,,
00730,ねこになりたい,ねこに(して|な(りたい|る)|うまれ(かわり)?たい|へんしんしたい),(变成猫|想变成猫|把我变成猫),(turn me into a cat|want to be a cat|become a cat),{{CAT_PRONOUN}}は、むしろ人間に憧れてるけどなぁ。もちろん猫に産まれてよかったと思ってるけど！,,,,RE_INTENT_RESIST_028,0,1,Normal,,,Random,,0,0,false,,10,false,,,false,0,,,,,,,,,,,,,,
00730,ねこになりたい,ねこに(して|な(りたい|る)|うまれ(かわり)?たい|へんしんしたい),(变成猫|想变成猫|把我变成猫),(turn me into a cat|want to be a cat|become a cat),{{CAT_PRONOUN}}は、人間の{{PLAYER_CALLING}}が好きだけどなあ。,,,,RE_INTENT_RESIST_028,1,0,Normal,,,Random,,0,0,false,,10,false,,,false,0,,,,,,,,,,,,,,
00730,ねこになりたい,ねこに(して|な(りたい|る)|うまれ(かわり)?たい|へんしんしたい),(变成猫|想变成猫|把我变成猫),(turn me into a cat|want to be a cat|become a cat),もちろん、猫になった{{PLAYER_CALLING}}も見てみたいけどね！,,,,RE_INTENT_RESIST_028,1,1,Normal,,,Random,,0,0,false,,10,false,,,false,0,,,,,,,,,,,,,,
00740,はつじょうしてる,(はつじょうし|さかりつい|さかっ)(た|て)(い)?(る)?,(发情了|进入发情期|闹猫),(in heat|horny|mating season|going into heat),そ、そうだけど……。,,,,RE_INTENT_QUESTION_029,0,0,Normal,,During estrus,Sequence,instinct,1,0,false,,10,false,,,false,0,,,,,,,,,,,,,,
00740,はつじょうしてる,(はつじょうし|さかりつい|さかっ)(た|て)(い)?(る)?,(发情了|进入发情期|闹猫),(in heat|horny|mating season|going into heat),だから何？さっき、{{CAT_PRONOUN}}に近づかないでってちゃんと頼んだよね？,,,,RE_INTENT_QUESTION_029,0,1,Normal,,During estrus,Sequence,instinct,1,0,false,,10,false,,,false,0,,,,,,,,,,,,,,
00740,はつじょうしてる,(はつじょうし|さかりつい|さかっ)(た|て)(い)?(る)?,(发情了|进入发情期|闹猫),(in heat|horny|mating season|going into heat),{{CAT_PRONOUN}}、この期間は{{PLAYER_CALLING}}に乱暴しちゃうかもしれないから、離れてて。,,,,RE_INTENT_QUESTION_029,0,2,Normal,,During estrus,Sequence,instinct,1,0,false,,10,false,,,false,0,,,,,,,,,,,,,,
00740,はつじょうしてる,(はつじょうし|さかりつい|さかっ)(た|て)(い)?(る)?,(发情了|进入发情期|闹猫),(in heat|horny|mating season|going into heat),ねえ、聞こえなかったのかな？,,,,RE_INTENT_QUESTION_029,1,0,Normal,,During estrus,Sequence,instinct,1,0,false,,10,false,,,false,0,,,,,,,,,,,,,,
00740,はつじょうしてる,(はつじょうし|さかりつい|さかっ)(た|て)(い)?(る)?,(发情了|进入发情期|闹猫),(in heat|horny|mating season|going into heat),発情してる間は、身体が切なくて仕方がないからさ……。,,,,RE_INTENT_QUESTION_029,1,1,Normal,,During estrus,Sequence,instinct,1,0,false,,10,false,,,false,0,,,,,,,,,,,,,,
00740,はつじょうしてる,(はつじょうし|さかりつい|さかっ)(た|て)(い)?(る)?,(发情了|进入发情期|闹猫),(in heat|horny|mating season|going into heat),そっとしておいて？わざわざ聞かないで欲しいかな。,,,,RE_INTENT_QUESTION_029,1,2,Normal,,During estrus,Sequence,instinct,1,0,false,,10,false,,,false,0,,,,,,,,,,,,,,
00740,はつじょうしてる,(はつじょうし|さかりつい|さかっ)(た|て)(い)?(る)?,(发情了|进入发情期|闹猫),(in heat|horny|mating season|going into heat),……。,,,,RE_INTENT_QUESTION_029,2,0,Normal,,During estrus,Sequence,instinct,2,0,false,,10,false,,,false,0,,,,,,,,,,,,,,
00740,はつじょうしてる,(はつじょうし|さかりつい|さかっ)(た|て)(い)?(る)?,(发情了|进入发情期|闹猫),(in heat|horny|mating season|going into heat),これ、人間で言うところのセクハラってやつ？,,,,RE_INTENT_QUESTION_029,2,1,Normal,,During estrus,Sequence,instinct,2,0,false,,10,false,,,false,0,,,,,,,,,,,,,,
00740,はつじょうしてる,(はつじょうし|さかりつい|さかっ)(た|て)(い)?(る)?,(发情了|进入发情期|闹猫),(in heat|horny|mating season|going into heat),{{CAT_PRONOUN}}の気分次第で{{PLAYER_CALLING}}に攻撃しちゃうからね。,,,,RE_INTENT_QUESTION_029,2,2,Normal,,During estrus,Sequence,instinct,2,0,false,,10,false,,,false,0,,,,,,,,,,,,,,
00740,はつじょうしてる,(はつじょうし|さかりつい|さかっ)(た|て)(い)?(る)?,(发情了|进入发情期|闹猫),(in heat|horny|mating season|going into heat),うん。発情期が来たの……。,,,,RE_INTENT_QUESTION_029,3,0,Normal,,During estrus && instinct >= 60,Sequence,instinct,2,0,false,,10,false,,,false,0,,,,,,,,,,,,,,
00740,はつじょうしてる,(はつじょうし|さかりつい|さかっ)(た|て)(い)?(る)?,(发情了|进入发情期|闹猫),(in heat|horny|mating season|going into heat),見てわかるでしょう？何もしないつもり？,,,,RE_INTENT_QUESTION_029,3,1,Normal,,During estrus && instinct >= 60,Sequence,instinct,2,0,false,,10,false,,,false,0,,,,,,,,,,,,,,
00740,はつじょうしてる,(はつじょうし|さかりつい|さかっ)(た|て)(い)?(る)?,(发情了|进入发情期|闹猫),(in heat|horny|mating season|going into heat),前までの発情期は、こんな気持ちにはならなかったのに……。,,,,RE_INTENT_QUESTION_029,3,2,Normal,,During estrus && instinct >= 60,Sequence,instinct,2,0,false,,10,false,,,false,0,,,,,,,,,,,,,,
00740,はつじょうしてる,(はつじょうし|さかりつい|さかっ)(た|て)(い)?(る)?,(发情了|进入发情期|闹猫),(in heat|horny|mating season|going into heat),そんなこと聞くばかりで、何もしてくれないの？,,,,RE_INTENT_QUESTION_029,4,0,Normal,,During estrus,Sequence,instinct,2,0,false,,10,false,,,false,0,,,,,,,,,,,,,,
00740,はつじょうしてる,(はつじょうし|さかりつい|さかっ)(た|て)(い)?(る)?,(发情了|进入发情期|闹猫),(in heat|horny|mating season|going into heat),{{CAT_PRONOUN}}、{{PLAYER_CALLING}}のために結構我慢してるんだよ？,,,,RE_INTENT_QUESTION_029,4,1,Normal,,During estrus,Sequence,instinct,2,0,false,,10,false,,,false,0,,,,,,,,,,,,,,
00740,はつじょうしてる,(はつじょうし|さかりつい|さかっ)(た|て)(い)?(る)?,(发情了|进入发情期|闹猫),(in heat|horny|mating season|going into heat),……。ねえ、言わなきゃ分かんない？,,,,RE_INTENT_QUESTION_029,4,2,Normal,,During estrus,Sequence,instinct,2,0,false,,10,false,,,false,0,,,,,,,,,,,,,,
00740,はつじょうしてる,(はつじょうし|さかりつい|さかっ)(た|て)(い)?(る)?,(发情了|进入发情期|闹猫),(in heat|horny|mating season|going into heat),そうだよ！そのとおり！だからさ……。,,,,RE_INTENT_QUESTION_029,5,1,Normal,,During estrus,Sequence,instinct,2,0,false,,10,false,,,false,0,,,,,,,,,,,,,,
00740,はつじょうしてる,(はつじょうし|さかりつい|さかっ)(た|て)(い)?(る)?,(发情了|进入发情期|闹猫),(in heat|horny|mating season|going into heat),アレ、やって欲しいの。分かるでしょ？,,,,RE_INTENT_QUESTION_029,5,2,Normal,,During estrus,Sequence,instinct,2,0,false,,10,false,,,false,0,,,,,,,,,,,,,,
00740,はつじょうしてる,(はつじょうし|さかりつい|さかっ)(た|て)(い)?(る)?,(发情了|进入发情期|闹猫),(in heat|horny|mating season|going into heat),腰をトントン叩いて欲しいの！いいでしょ？,,,,RE_INTENT_QUESTION_029,5,3,Normal,,During estrus,Sequence,instinct,2,0,false,,10,false,,,false,0,,,,,,,,,,,,,,
00740,はつじょうしてる,(はつじょうし|さかりつい|さかっ)(た|て)(い)?(る)?,(发情了|进入发情期|闹猫),(in heat|horny|mating season|going into heat),え？そんなことないよ？,,,,RE_INTENT_QUESTION_029,6,1,Normal,,,Sequence,,0,0,false,,10,false,,,false,0,,,,,,,,,,,,,,
00740,はつじょうしてる,(はつじょうし|さかりつい|さかっ)(た|て)(い)?(る)?,(发情了|进入发情期|闹猫),(in heat|horny|mating season|going into heat),今はそういう時期ではないよ。,,,,RE_INTENT_QUESTION_029,6,2,Normal,,,Sequence,,0,0,false,,10,false,,,false,0,,,,,,,,,,,,,,
00740,はつじょうしてる,(はつじょうし|さかりつい|さかっ)(た|て)(い)?(る)?,(发情了|进入发情期|闹猫),(in heat|horny|mating season|going into heat),っていうか、発情期でもそうじゃなくても、そんなこと聞かないで！,,,,RE_INTENT_QUESTION_029,6,3,Normal,,,Sequence,,0,0,false,,10,false,,,false,0,,,,,,,,,,,,,,
00740,はつじょうしてる,(はつじょうし|さかりつい|さかっ)(た|て)(い)?(る)?,(发情了|进入发情期|闹猫),(in heat|horny|mating season|going into heat),だから、発情してないってば！,,,,RE_INTENT_QUESTION_029,7,1,Normal,,,Sequence,,0,0,false,,10,false,,,false,0,,,,,,,,,,,,,,
00740,はつじょうしてる,(はつじょうし|さかりつい|さかっ)(た|て)(い)?(る)?,(发情了|进入发情期|闹猫),(in heat|horny|mating season|going into heat),こんなに長く暮らしてるんだから、{{CAT_PRONOUN}}が発情してるかなんて見て分かるでしょ！？,,,,RE_INTENT_QUESTION_029,7,2,Normal,,,Sequence,,0,0,false,,10,false,,,false,0,,,,,,,,,,,,,,
00490,ねこですよろしくおねがいします,ねこです(　|、|。)?よろしくおねがいします,(我是猫，请多关照|这是猫，请多关照|请摸猫|请抚摸猫|快摸我|猫猫，请多关照),(?i)(this is cat|please pet cat|pet the cat|i am a cat|i'm cat|please love cat|you will pet cat),ん？　うん。{{CAT_PRONOUN}} は猫だよ？よろしくお願いいたします？,,,,RE_INTENT_META_030,0,0,Normal,,,Random,,0,0,false,,10,false,,,false,0,,,,,,,,,,,,,,
00490,ねこですよろしくおねがいします,ねこです(　|、|。)?よろしくおねがいします,(我是猫，请多关照|这是猫，请多关照|请摸猫|请抚摸猫|快摸我|猫猫，请多关照),(?i)(this is cat|please pet cat|pet the cat|i am a cat|i'm cat|please love cat|you will pet cat),あ、でも、{{CAT_PRONOUN}} のことは、ずーっと見ててね！,,,,RE_INTENT_META_030,0,1,Normal,,,Random,,0,0,false,,10,false,,,false,0,,,,,,,,,,,,,,
00700,けづくろいしてあげる,(けづくろい|ぐるーみんぐ)(させて|する(よ|ね)|します|しよう|して(あげる|いい？))?,(帮你舔毛|给你理毛|让我帮你梳毛|要不要理毛),(let me groom you|i('?ll| will) groom you|can i groom you|wanna groom),{{PLAYER_CALLING}}に触ってもらうの大好き！,,,,RE_INTENT_AFFECTION_024,0,1,Choice,action_brushing_result,,Random,,0,0,false,,10,false,,,false,0,{{CAT_NAME}}を毛繕いする？,,,,,,,,,,,,,
00700,けづくろいしてあげる,(けづくろい|ぐるーみんぐ)(させて|する(よ|ね)|します|しよう|して(あげる|いい？))?,(帮你舔毛|给你理毛|让我帮你梳毛|要不要理毛),(let me groom you|i('?ll| will) groom you|can i groom you|wanna groom),毛繕いしてくれるんだ！おねがい！,,,,RE_INTENT_AFFECTION_024,1,0,Normal,,,Random,,0,0,false,,10,false,,,false,0,,,,,,,,,,,,,,
00700,けづくろいしてあげる,(けづくろい|ぐるーみんぐ)(させて|する(よ|ね)|します|しよう|して(あげる|いい？))?,(帮你舔毛|给你理毛|让我帮你梳毛|要不要理毛),(let me groom you|i('?ll| will) groom you|can i groom you|wanna groom),……舌でやるのは大変だろうから、手で掻いてくれていいよ？,,,,RE_INTENT_AFFECTION_024,1,1,Choice,action_brushing_result,,Random,,0,0,false,,10,false,,,false,0,{{CAT_NAME}}を毛繕いする？,,,,,,,,,,,,,
00700,けづくろいしてあげる,(けづくろい|ぐるーみんぐ)(させて|する(よ|ね)|します|しよう|して(あげる|いい？))?,(帮你舔毛|给你理毛|让我帮你梳毛|要不要理毛),(let me groom you|i('?ll| will) groom you|can i groom you|wanna groom),もしかして、{{CAT_PRONOUN}}の毛皮、どこか汚れてる？！,,,,RE_INTENT_AFFECTION_024,2,0,Normal,,,Random,,0,0,false,,10,false,,,false,0,,,,,,,,,,,,,,
00700,けづくろいしてあげる,(けづくろい|ぐるーみんぐ)(させて|する(よ|ね)|します|しよう|して(あげる|いい？))?,(帮你舔毛|给你理毛|让我帮你梳毛|要不要理毛),(let me groom you|i('?ll| will) groom you|can i groom you|wanna groom),そういう訳じゃないの？よかった！それじゃあ毛繕い、お願いしようかな？,,,,RE_INTENT_AFFECTION_024,2,1,Choice,action_brushing_result,,Random,,0,0,false,,10,false,,,false,0,{{CAT_NAME}}を毛繕いする？,,,,,,,,,,,,,
00700,けづくろいしてあげる,(けづくろい|ぐるーみんぐ)(させて|する(よ|ね)|します|しよう|して(あげる|いい？))?,(帮你舔毛|给你理毛|让我帮你梳毛|要不要理毛),(let me groom you|i('?ll| will) groom you|can i groom you|wanna groom),ん？もう一回毛繕いしてくれるの？もちろんいいけど……。随分と熱心だね！,,,,RE_INTENT_AFFECTION_024,3,1,Normal,,,Random,,0,0,false,,10,false,,,false,2,,,,,,,,,,,,,,
00700,けづくろいしてあげる,(けづくろい|ぐるーみんぐ)(させて|する(よ|ね)|します|しよう|して(あげる|いい？))?,(帮你舔毛|给你理毛|让我帮你梳毛|要不要理毛),(let me groom you|i('?ll| will) groom you|can i groom you|wanna groom),さっき、毛繕いできなかった所があったのかな？それとも……。,,,,RE_INTENT_AFFECTION_024,3,2,Normal,,,Random,,0,0,false,,10,false,,,false,2,,,,,,,,,,,,,,
00700,けづくろいしてあげる,(けづくろい|ぐるーみんぐ)(させて|する(よ|ね)|します|しよう|して(あげる|いい？))?,(帮你舔毛|给你理毛|让我帮你梳毛|要不要理毛),(let me groom you|i('?ll| will) groom you|can i groom you|wanna groom),{{CAT_PRONOUN}}のことツヤツヤにしたいのかな！楽しみ～！！,,,,RE_INTENT_AFFECTION_024,3,3,Choice,action_brushing_result,,Random,,0,0,false,,10,false,,,false,2,{{CAT_NAME}}を毛繕いする？,,,,,,,,,,,,,
00700,といれいく,(うん(ち|こ)|おしっこ|といれ|だいべん|しょ(う|ん)べん|おしょんしょん|ようべん|おは(を)?なつみ|きじ(を)?う(ち|つ)|てあらい)(に)?(いきたい|いく|いかせて|つれてって|つれていって|したい|する|でる|でそう|もれる|もれそう)?,,,ん？トイレに行きたいってこと？,,,,RE_INTENT_AFFECTION_025,1,1,Choice,,,Random,,0,0,false,,10,false,5,6,false,0,,,,,,,,,,5,6,,,
00700,といれいく,(うん(ち|こ)|おしっこ|といれ|だいべん|しょ(う|ん)べん|おしょんしょん|ようべん|おは(を)?なつみ|きじ(を)?う(ち|つ)|てあらい)(に)?(いきたい|いく|いかせて|つれてって|つれていって|したい|する|でる|でそう|もれる|もれそう)?,,,それって、トイレしたいってことだよね。,,,,RE_INTENT_AFFECTION_025,2,1,Choice,,,Random,,0,0,false,,10,false,5,6,false,0,,,,,,,,,,5,6,,,
00700,といれいく,(うん(ち|こ)|おしっこ|といれ|だいべん|しょ(う|ん)べん|おしょんしょん|ようべん|おは(を)?なつみ|きじ(を)?う(ち|つ)|てあらい)(に)?(いきたい|いく|いかせて|つれてって|つれていって|したい|する|でる|でそう|もれる|もれそう)?,,,あ、それって、トイレに行きたいのかな？,,,,RE_INTENT_AFFECTION_025,3,1,Choice,,,Random,,0,0,false,,10,true,5,6,false,0,,,,,,,,,,5,6,,,
00700,といれいく,(うん(ち|こ)|おしっこ|といれ|だいべん|しょ(う|ん)べん|おしょんしょん|ようべん|おは(を)?なつみ|きじ(を)?う(ち|つ)|てあらい)(に)?(いきたい|いく|いかせて|つれてって|つれていって|したい|する|でる|でそう|もれる|もれそう)?,,,わかった！……人間用のトイレは、危ないから使えないね。さて……,,,,RE_INTENT_AFFECTION_025,5,1,Action,action_gototoilet_result,,Random,,0,0,false,,10,true,,,false,0,,,,,,,,,,5,6,,,
00700,といれいく,(うん(ち|こ)|おしっこ|といれ|だいべん|しょ(う|ん)べん|おしょんしょん|ようべん|おは(を)?なつみ|きじ(を)?う(ち|つ)|てあらい)(に)?(いきたい|いく|いかせて|つれてって|つれていって|したい|する|でる|でそう|もれる|もれそう)?,,,あれ、違った？トイレに行きたくなったらいつでも言ってね！,,,,RE_INTENT_AFFECTION_025,6,1,Normal,,,Random,,0,0,false,,10,true,,,false,0,,,,,,,,,,5,6,,,
00710,ボールあそび,(ぼーる|たま)(で|をつかって|を)?(あそ(ぼう|び|ばない(か)?？)|とって),,,ボール遊びしたい！ボールあそびしよう！,,,,,1,1,Choice,,,Random,,0,0,false,,10,false,10,99,false,0,{{CAT_NAME}}とボールで遊ぶ？,,,,,,,,,10,99,,,
00710,ボールあそび,(ぼーる|たま)(で|をつかって|を)?(あそ(ぼう|び|ばない(か)?？)|とって),,,ボールで遊びたいの？もちろんいいよ！,,,,,2,1,Choice,,,Random,,0,0,false,,10,false,10,99,false,0,{{CAT_NAME}}とボールで遊ぶ？,,,,,,,,,10,99,,,
00710,ボールあそび,(ぼーる|たま)(で|をつかって|を)?(あそ(ぼう|び|ばない(か)?？)|とって),,,いいね！{{CAT_PRONOUN}}でも持てるボールがあるから、投げたり転がしたりしてくれる？,,,,,3,1,Choice,,,Random,,0,0,false,,10,false,10,99,false,0,{{CAT_NAME}}とボールで遊ぶ？,,,,,,,,,10,99,,,
00710,ボールあそび,(ぼーる|たま)(で|をつかって|を)?(あそ(ぼう|び|ばない(か)?？)|とって),,,やったー！ボール持ってくるね！,,,,,10,1,Normal,action_ball_play_result,,Random,,0,0,false,,10,false,,,false,0,,,,,,,,,,,,,,
00710,ボールあそび,(ぼーる|たま)(で|をつかって|を)?(あそ(ぼう|び|ばない(か)?？)|とって),,,あれ？やめちゃうの？じゃあ他に遊ぶ？,,,,,99,1,Normal,,,Random,,0,0,false,,10,false,,,false,0,{{CAT_NAME}}とボールで遊ぶ？,,,,,,,,,,,,,
00720,かくれんぼ,かくれんぼ,,,かくれんぼで遊ぶの？いいよ！,,,,,1,1,Choice,action_hideandseek_result,,Random,,0,0,false,,10,false,,99,false,0,{{CAT_NAME}}とかくれんぼする？,,,,,,,,,,99,,,
00720,かくれんぼ,かくれんぼ,,,かくれんぼ？いいね！{{PLAYER_CALLING}}のこと探しちゃうよ！,,,,,2,1,Choice,action_hideandseek_result,,Random,,0,0,false,,10,false,,99,false,0,{{CAT_NAME}}とかくれんぼする？,,,,,,,,,,99,,,
00720,かくれんぼ,かくれんぼ,,,あれ、しないの？隠れたくなったら言ってね！,,,,,99,1,Normal,,,Random,,0,0,false,,10,true,,,false,0,,,,,,,,,,,,,,
00730,においかいで,(におい(を)?かいで|くんくん|におって|くさくない？),,,匂いを嗅いで欲しいの？,,,,,1,1,Normal,,,Random,,0,0,false,,10,false,,,false,0,,,,,,,,,,,,,,
00730,においかいで,(におい(を)?かいで|くんくん|におって|くさくない？),,,実は……わざわざ嗅がなくても、いつでも{{PLAYER_CALLING}}の匂いはいっぱい嗅げるんだ！,,,,,1,2,Normal,,,Random,,0,0,false,,10,false,,,false,0,,,,,,,,,,,,,,
00730,においかいで,(におい(を)?かいで|くんくん|におって|くさくない？),,,毎日こんなに近くにいるもんね！,,,,,1,3,Normal,,,Random,,0,0,false,,10,false,,,false,0,,,,,,,,,,,,,,
00740,どうも,(どうも|どーも),,,どうも！なんかちょっと落ち着いたあいさつ？,,,,,1,1,Normal,,,Random,,0,0,false,,10,false,,,false,0,,,,,,,,,,,,,,
00750,やっほー,(やっほ),,,やっほー！これは少し楽しいあいさつ！,,,,,1,1,Normal,,,Random,,0,0,false,,10,false,,,false,0,,,,,,,,,,,,,,
00770,かわいそう,かわいそう,,,え？全然かわいそうじゃないよ？,,,,,1,0,Normal,,,Random,,0,0,false,,10,false,,,false,0,,,,,,,,,,,,,,
00770,かわいそう,かわいそう,,,{{CAT_PRONOUN}}も{{PLAYER_CALLING}}も幸せ。そうでしょ？,,,,,1,1,Normal,,,Random,,0,0,false,,10,false,,,false,0,,,,,,,,,,,,,,
00780,たべないで,(たべ|ほしょく|まるのみ)((し)?ないで|(す)?るな),,,{{CAT_PRONOUN}}が{{PLAYER_CALLING}}のことを？食べるかって？,,,,,1,0,Normal,,,Random,,0,0,false,,10,false,,,false,0,,,,,,,,,,,,,,
00780,たべないで,(たべ|ほしょく|まるのみ)((し)?ないで|(す)?るな),,,そんなことする訳ないでしょ！いくら{{PLAYER_CALLING}}がネズミサイズだからって……,,,,,1,1,Normal,,,Random,,0,0,false,,10,false,,,false,0,,,,,,,,,,,,,,
00780,たべないで,(たべ|ほしょく|まるのみ)((し)?ないで|(す)?るな),,,……。,,,,,1,2,Normal,,,Random,,0,0,false,,10,false,,,false,0,,,,,,,,,,,,,,
00780,たべないで,(たべ|ほしょく|まるのみ)((し)?ないで|(す)?るな),,,た、食べないよ！！,,,,,1,3,Normal,,,Random,,0,0,false,,10,false,,,false,0,,,,,,,,,,,,,,
00780,たべないで,(たべ|ほしょく|まるのみ)((し)?ないで|(す)?るな),,,いや、最初に食べてくれって頼んだのは{{PLAYER_CALLING}}だし！,,,,,2,0,Normal,,PlayerDefeatedByPredation,Random,,0,0,false,,10,false,,,false,0,,,,,,,,,,,,,,
00780,たべないで,(たべ|ほしょく|まるのみ)((し)?ないで|(す)?るな),,,それとも、今後はもう食べないでって意味？それなら分かるけど……。,,,,,2,1,Normal,,PlayerDefeatedByPredation,Random,,0,0,false,,10,false,,,false,0,,,,,,,,,,,,,,
00780,たべないで,(たべ|ほしょく|まるのみ)((し)?ないで|(す)?るな),,,……{{PLAYER_CALLING}}、美味しかったのになぁ……。,,,,,2,2,Normal,,PlayerDefeatedByPredation,Random,,0,0,false,,10,false,,,false,0,,,,,,,,,,,,,,
00790,にゃあ,(にゃ|にゃあ|にゃーん|にゃお|みゅう|にゃー|みゃー|みゃあ|みゃう),,,どうしたの？そんな子猫みたいな声出して。,,,,,1,0,Normal,,,Random,,0,0,false,,10,false,,,false,0,,,,,,,,,,,,,,
00790,にゃあ,(にゃ|にゃあ|にゃーん|にゃお|みゅう|にゃー|みゃー|みゃあ|みゃう),,,甘えたいのかな？よしよし。遊んであげるね。,,,,,1,1,Normal,,,Random,,0,0,false,,10,false,,,false,0,,,,,,,,,,,,,,
00790,にゃあ,(にゃ|にゃあ|にゃーん|にゃお|みゅう|にゃー|みゃー|みゃあ|みゃう),,,にゃーにゃー言っても分かんないよー？,,,,,2,0,Normal,,,Random,,0,0,false,,10,false,,,false,0,,,,,,,,,,,,,,
00790,にゃあ,(にゃ|にゃあ|にゃーん|にゃお|みゅう|にゃー|みゃー|みゃあ|みゃう),,,{{PLAYER_CALLING}}は子猫じゃないんだから、ちゃんとお話してね？,,,,,2,1,Normal,,,Random,,0,0,false,,10,false,,,false,0,,,,,,,,,,,,,,
00800,さようなら,(さよ(う)?なら|ばいばい),,,うん？{{CAT_PRONOUN}}と{{PLAYER_CALLING}}はずっと一緒でしょ？,,,,,1,0,Normal,,,Random,,0,0,false,,10,false,,,false,0,,,,,,,,,,,,,,
00800,さようなら,(さよ(う)?なら|ばいばい),,,どうしてどこかに行こうとしているの？,,,,,1,1,Normal,,,Random,,0,0,false,,10,false,,,false,0,,,,,,,,,,,,,,
00800,さようなら,(さよ(う)?なら|ばいばい),,,{{CAT_PRONOUN}}を置いて居なくなるなんてダメだからね！,,,,,1,2,Normal,,,Random,,0,0,false,,10,false,,,false,0,,,,,,,,,,,,,,
00810,おるすばん,(お)?るすばん,,,留守番！うぇー！留守番なんて大嫌い！,,,,,1,0,Normal,,,Random,,0,0,false,,10,false,,,false,0,,,,,,,,,,,,,,
00810,おるすばん,(お)?るすばん,,,もう{{PLAYER_CALLING}}と{{CAT_PRONOUN}}はずっと一緒だから、二度と留守番なんてしないからね！！,,,,,1,1,Normal,,,Random,,0,0,false,,10,false,,,false,0,,,,,,,,,,,,,,
00820,エンディング,えんでぃんぐ,,,エンディングって何？,,,,,1,0,Normal,,,Random,,0,0,false,,10,false,,,false,0,,,,,,,,,,,,,,
00820,エンディング,えんでぃんぐ,,,ふむふむ……物語がどうやって終わるかってこと？それがどうしたの？,,,,,1,1,Normal,,,Random,,0,0,false,,10,false,,,false,0,,,,,,,,,,,,,,
00820,エンディング,えんでぃんぐ,,,{{PLAYER_CALLING}}と{{CAT_PRONOUN}}のエンディングが知りたいの？,,,,,1,2,Normal,,,Random,,0,0,false,,10,false,,,false,0,,,,,,,,,,,,,,
00820,エンディング,えんでぃんぐ,,,そんなの、{{PLAYER_CALLING}}も{{CAT_PRONOUN}}も知らないでしょ……。,,,,,1,3,Normal,,,Random,,0,0,false,,10,false,,,false,0,,,,,,,,,,,,,,
00820,エンディング,えんでぃんぐ,,,{{PLAYER_CALLING}}は、毎日{{CAT_PRONOUN}}と仲良く暮らすことだけだけ考えてればいいんだよ。,,,,,1,4,Normal,,,Random,,0,0,false,,10,false,,,false,0,,,,,,,,,,,,,,
00820,エンディング,えんでぃんぐ,,,それがきっと、{{CAT_PRONOUN}}にとって幸せなエンディングだと思うよ。,,,,,1,5,Normal,,,Random,,0,0,false,,10,false,,,false,0,,,,,,,,,,,,,,
00830,こうりゃく,こうりゃく,,,攻略って何？,,,,,1,0,Normal,,,Random,,0,0,false,,10,false,,,false,0,,,,,,,,,,,,,,
00830,こうりゃく,こうりゃく,,,……攻撃して、相手を打ち負かすこと！？{{CAT_PRONOUN}}と戦う気！？,,,,,1,1,Normal,,,Random,,0,0,false,,10,false,,,false,0,,,,,,,,,,,,,,
00830,こうりゃく,こうりゃく,,,……最近はより早く、上手に相手と仲良くなる時にも言うの？,,,,,1,2,Normal,,,Random,,0,0,false,,10,false,,,false,0,,,,,,,,,,,,,,
00830,こうりゃく,こうりゃく,,,じゃあ、どっちの意味で言ったのかな？,,,,,1,3,Normal,,,Random,,0,0,false,,10,false,,,false,0,,,,,,,,,,,,,,
00840,もとにもどして,もとにもど(す|して|りたい),,,え、元に戻りたい……？,,,,,1,0,Normal,,,Random,,0,0,false,,10,false,,,false,0,,,,,,,,,,,,,,
00840,もとにもどして,もとにもど(す|して|りたい),,,えっと、小さいのが嫌ってこと……？何か嫌なことある？,,,,,1,1,Normal,,,Random,,0,0,false,,10,false,,,false,0,,,,,,,,,,,,,,
00840,もとにもどして,もとにもど(す|して|りたい),,,これは言っておくけど、元には戻せないよ。戻し方が分からないし。戻す必要もない。,,,,,1,2,Normal,,,Random,,0,0,false,,10,false,,,false,0,,,,,,,,,,,,,,
00840,もとにもどして,もとにもど(す|して|りたい),,,だから……この生活をもっと良くしていこう！どうしたらいいかな？,,,,,1,3,Normal,,,Random,,0,0,false,,10,false,,,false,0,,,,,,,,,,,,,,
00850,おうちに帰りたい,(おうち|いえ|じたく|じっか)(に|へ)(かえして|かえりたい),,,何言ってるの？ここが{{PLAYER_CALLING}}の家だよ？,,,,,1,0,Normal,,,Random,,0,0,false,,10,false,,,false,0,,,,,,,,,,,,,,
00850,おうちに帰りたい,(おうち|いえ|じたく|じっか)(に|へ)(かえして|かえりたい),,,{{CAT_PRONOUN}}と{{PLAYER_CALLING}}でずっと一緒に暮らそうね！,,,,,1,1,Normal,,,Random,,0,0,false,,10,false,,,false,0,,,,,,,,,,,,,,
00860,おて,おて,,,お手って何？,,,,ote,1,0,Normal,,,Random,,0,0,false,,10,false,,,false,0,,,,,,,,,,,,,,
00860,おて,おて,,,{{PLAYER_CALLING}}の手のひらに、{{CAT_PRONOUN}}の前足を乗せればいいの？,,,,ote,1,1,Normal,,,Random,,0,0,false,,10,false,,,false,0,,,,,,,,,,,,,,
00860,おて,おて,,,そんなちっちゃい所に乗せられるかな……やってみていい？,,,,ote,1,2,Choice,action_ote,,Random,,0,0,false,,10,false,,,false,0,,,,やってみよう,,,やめておこう,,,,99,,,
00860,おて,おて,,,そ、そうだよね！危ないよね！何か他のことしよっか！,,,,ote,99,1,Normal,,,Random,,0,0,false,,10,true,,,false,0,,,,,,,,,,,,,,
00870,配信中,はいしん(ちゅう|してます),,,配信中って何？どういうこと？,,,,,1,1,Normal,,,Random,,0,0,false,,10,false,,,false,0,,,,,,,,,,,,,,
00870,配信中,はいしん(ちゅう|してます),,,……{{CAT_PRONOUN}}以外に、{{CAT_PRONOUN}}たちのことを見てる人が居るってこと？,,,,,1,2,Normal,,,Random,,0,0,false,,10,false,,,false,0,,,,,,,,,,,,,,
00870,配信中,はいしん(ちゅう|してます),,,そんなこと無理じゃない？この部屋には{{PLAYER_CALLING}}と{{CAT_PRONOUN}}しか居ないんだし。,,,,,1,3,Normal,,,Random,,0,0,false,,10,false,,,false,0,,,,,,,,,,,,,,
00870,配信中,はいしん(ちゅう|してます),,,……まあ、{{PLAYER_CALLING}}さえ安全なら誰かから見られてても別に良いけどね。,,,,,1,4,Normal,,,Random,,0,0,false,,10,false,,,false,0,,,,,,,,,,,,,,
00880,車,(くるま|じどうしゃ),,,う……車の話は嫌だな……。,,,,,1,1,Normal,,,Random,,0,0,false,,10,false,,,false,0,,,,,,,,,,,,,,
00880,車,(くるま|じどうしゃ),,,前からちょっと怖かったけど、あの事故以来見るのも怖くなっちゃった。,,,,,1,2,Normal,,,Random,,0,0,false,,10,false,,,false,0,,,,,,,,,,,,,,
00890,事故について,じこ(について|ってなに),,,……うーん……。{{PLAYER_CALLING}}にとって辛い話だけど……。今聞くの？ショック受けない？,,,,,1,1,Event,yarn_accident_talk,,Sequence,,0,0,false,,10,false,,,false,0,,,,,,,,,,,,,,
00890,事故について,じこ(について|ってなに),,,また事故の話を聞きたいの？悲しい気持ちになっちゃわない……？,,,,,2,1,Event,yarn_accident_talk,,Sequence,,0,0,false,,10,false,,,true,0,,,,,,,,,,,,,,
00890,事故について,じこ(について|ってなに),,,うん。その方が良いよ。{{CAT_PRONOUN}}も結構怖かったし……。,,,,,3,1,Normal,,,Sequence,,0,0,false,,10,true,,,false,0,,,,,,,,,,,,,,
00900,漢字,かんじ(わかる|よめる|しってる),,,漢字？なにそれ？,,,,,1,1,Normal,,,Random,,0,0,false,,10,false,,,false,0,,,,,,,,,,,,,,
00900,漢字,かんじ(わかる|よめる|しってる),,,……文字の一種？普通の文字も読めないのに、漢字なんて分からないよー！,,,,,1,2,Normal,,,Random,,0,0,false,,10,false,,,false,0,,,,,,,,,,,,,,
00900,漢字,かんじ(わかる|よめる|しってる),,,これまで通り、{{PLAYER_CALLING}}が読み上げてくれたら分かるからね。,,,,,1,3,Normal,,,Random,,0,0,false,,10,false,,,false,0,,,,,,,,,,,,,,
00910,何食べた？,なに(を)?たべた？,,,ううん。起きたばっかりだから何も食べてない！,,,,,1,1,Normal,,Morning,Random,,0,0,false,,10,false,,,false,0,,,,,,,,,,,,,,
00910,何食べた？,なに(を)?たべた？,,,これからいつものカリカリを食べるよ。{{PLAYER_CALLING}}も一緒にどう？,,,,,2,1,Normal,,Day,Random,,0,0,false,,10,false,,,false,0,,,,,,,,,,,,,,
00910,何食べた？,なに(を)?たべた？,,,さっきカリカリ食べた！結局毎日カリカリでも全然飽きないね！美味しいご飯をありがとう！,,,,,3,1,Normal,,Evening,Random,,0,0,false,,10,false,,,false,0,,,,,,,,,,,,,,
00920,どうして喋れるの？,(どうして|なんで|どうやって)(しゃべ(ってるの|れるの)|かいわ),,,実は喋ってるとはちょっと違うみたいなんだよ。ちょっと長くなるけど聞く？,,,,talking_mechanism,1,1,Choice,,,Sequence,,0,0,false,,20,false,2,99,false,0,,,,はい,,,いいえ,,,2,99,,,
00920,どうして喋れるの？,(どうして|なんで|どうやって)(しゃべ(ってるの|れるの)|かいわ),,,うん、話すね。,,,,talking_mechanism,2,1,Action,yarn:talking_mechanism,,Sequence,,0,0,false,,20,true,,,false,0,,,,,,,,,,,,,,
00920,どうして喋れるの？,(どうして|なんで|どうやって)(しゃべ(ってるの|れるの)|かいわ),,,この前話したと思うけど、もう一度聞く？,,,,talking_mechanism,3,1,Choice,,,Sequence,,0,0,false,,20,false,2,99,true,0,,,,はい,,,いいえ,,,2,99,,,
00920,どうして喋れるの？,(どうして|なんで|どうやって)(しゃべ(ってるの|れるの)|かいわ),,,そっか。気になったらまた聞いてね！,,,,talking_mechanism,99,1,Normal,,,Sequence,,0,0,false,,20,true,,,false,0,,,,,,,,,,,,,,
00930,のどかわいた,のど(が)?かわいた,,,喉が渇いたの？水飲み場に連れて行こうか？,,,,thirsty_drink_water,1,1,Choice,,,Sequence,,0,0,false,,20,false,2,99,false,0,,,,はい,,,いいえ,,,2,99,,,
00930,のどかわいた,のど(が)?かわいた,,,まかせて！{{CAT_PRONOUN}}の水飲み場使って良いからね！,,,,thirsty_drink_water,2,1,Action,action_drink_water_result,,Sequence,,0,0,false,,20,true,,,false,0,,,,,,,,,,,,,,
00930,のどかわいた,のど(が)?かわいた,,,あれ？いいの？飲みたくなったら言ってね！,,,,thirsty_drink_water,99,1,Normal,,,Sequence,,0,0,false,,20,true,,,false,0,,,,,,,,,,,,,,
00940,きゃっと,きゃっと,,,キャットも{{CAT_PRONOUN}}のこと？,,,,,1,1,Normal,,,Sequence,,0,0,false,,10,false,,,false,0,,,,,,,,,,,,,,
00940,きゃっと,きゃっと,,,あいあむきゃっと！こんな感じ？,,,,,1,2,Normal,,,Sequence,,0,0,false,,10,false,,,false,0,,,,,,,,,,,,,,
00950,ぬこ,ぬこ,,,ぬこ？ねこじゃなくてぬこ？どういう意味なの？,,,,,1,1,Normal,,,Sequence,,0,0,false,,10,false,,,false,0,,,,,,,,,,,,,,
00950,ぬこ,ぬこ,,,インターネットではそう呼ばれることがあるんだ……。,,,,,1,2,Normal,,,Sequence,,0,0,false,,10,false,,,false,0,,,,,,,,,,,,,,
00950,ぬこ,ぬこ,,,どうなの？{{CAT_PRONOUN}}も自分のことぬこって名乗ったほうが良い？,,,,,1,3,Normal,,,Sequence,,0,0,false,,10,false,,,false,0,,,,,,,,,,,,,,
00960,にゃんこ,にゃんこ,,,にゃんこ？ああ、それも{{CAT_PRONOUN}}の呼び方？,,,,,1,1,Normal,,,Sequence,,0,0,false,,10,false,,,false,0,,,,,,,,,,,,,,
00960,にゃんこ,にゃんこ,,,なんかちょっと可愛らしい呼び方だね！,,,,,1,2,Normal,,,Sequence,,0,0,false,,10,false,,,false,0,,,,,,,,,,,,,,
00970,ねずみ,ねずみ,,,ネズミ！？ネズミがいるの！？,,,,,1,1,Normal,,,Sequence,,0,0,false,,10,false,,,false,0,,,,,,,,,,,,,,
00970,ねずみ,ねずみ,,,なんだ、いないじゃん、このぬいぐるみのことかな。,,,,,1,2,Normal,,,Sequence,,0,0,false,,10,false,,,false,0,,,,,,,,,,,,,,
00970,ねずみ,ねずみ,,,このおもちゃではよく遊ぶけど、本物のネズミは見たことないんだよねえ。,,,,,1,3,Normal,,,Sequence,,0,0,false,,10,false,,,false,0,,,,,,,,,,,,,,
00970,ねずみ,ねずみ,,,やっぱり美味しいのかな？一度は食べてみたいな！,,,,,1,4,Normal,,,Sequence,,0,0,false,,10,false,,,false,0,,,,,,,,,,,,,,
00980,にくきゅう,にくきゅう,,,{{CAT_PRONOUN}}の肉球に興味があるの？,,,,,1,1,Normal,,,Sequence,,0,0,false,,10,false,,,false,0,,,,,,,,,,,,,,
00980,にくきゅう,にくきゅう,,,触られてもあまり気持ちいいわけじゃないよ。別に触っても構わないけれど。,,,,,1,2,Normal,,,Sequence,,0,0,false,,10,false,,,false,0,,,,,,,,,,,,,,
00980,にくきゅう,にくきゅう,,,それに{{PLAYER_CALLING}}の大きさだと、ちょっとくすぐったいかも！,,,,,1,3,Normal,,,Sequence,,0,0,false,,10,false,,,false,0,,,,,,,,,,,,,,
00990,記念日,(きねんび|たんじょうび|とくべつなひ),,,えっと……実は、その“日付”っていうの、よく分からなくって。,,,,,1,1,Normal,,,Sequence,,0,0,false,,10,false,,,false,0,,,,,,,,,,,,,,
00990,記念日,(きねんび|たんじょうび|とくべつなひ),,,太陽が出てきて沈んだら1日でしょ？それはわかる。,,,,,1,2,Normal,,,Sequence,,0,0,false,,10,false,,,false,0,,,,,,,,,,,,,,
00990,記念日,(きねんび|たんじょうび|とくべつなひ),,,それが30回くらいで1カ月？それがさらに12回で1年？？365日で一年？？？,,,,,1,3,Normal,,,Sequence,,0,0,false,,10,false,,,false,0,,,,,,,,,,,,,,
00990,記念日,(きねんび|たんじょうび|とくべつなひ),,,もしかして{{PLAYER_CALLING}}って、生まれてから今日まで1日が何回過ぎたか覚えてるの？,,,,,1,4,Normal,,,Sequence,,0,0,false,,10,false,,,false,0,,,,,,,,,,,,,,
00990,記念日,(きねんび|たんじょうび|とくべつなひ),,,だから、特別な日から365日経ったことが分かって、それをお祝いするってこと？結構すごいことしてない？？,,,,,1,5,Normal,,,Sequence,,0,0,false,,10,false,,,false,0,,,,,,,,,,,,,,
01000,話をしよう,(はなしをしよう|ざつだん|なにかはなそう|わだい),,,いいね。お話しよっか！話したいことはない？例えば……,,,,,1,1,Normal,,,Random,,0,0,false,,10,false,,,false,0,,,,,,,,,,,,,,
01000,話をしよう,(はなしをしよう|ざつだん|なにかはなそう|わだい),,,そうだ！猫が出てくる物語を教えてほしいな！,,,,,1,2,Choice,TeachingMode:Confirm:CatSeries,,Random,,0,0,false,,10,false,,,false,0,,,,教える,,,また今度,,,,,,,
01000,話をしよう,(はなしをしよう|ざつだん|なにかはなそう|わだい),,,いいね。お話しよっか！話したいことはない？例えば……,,,,,2,1,Normal,,,Random,,0,0,false,,10,false,,,false,0,,,,,,,,,,,,,,
01000,話をしよう,(はなしをしよう|ざつだん|なにかはなそう|わだい),,,猫の仲間って、どんな動物がいる？,,,,,2,2,Choice,TeachingMode:Confirm:Felidae,,Random,,0,0,false,,10,false,,,false,0,,,,教える,,,また今度,,,,,,,
01000,話をしよう,(はなしをしよう|ざつだん|なにかはなそう|わだい),,,いいね。お話しよっか！話したいことはない？例えば……,,,,,3,1,Normal,,,Random,,0,0,false,,10,false,,,false,0,,,,,,,,,,,,,,
01000,話をしよう,(はなしをしよう|ざつだん|なにかはなそう|わだい),,,猫には「品種」っていうのがあるんでしょ？{{CAT_PRONOUN}}はただの雑種だけど、他にはどんな品種があるの？,,,,,3,2,Choice,TeachingMode:Confirm:CatBreed,,Random,,0,0,false,,10,false,,,false,0,,,,教える,,,また今度,,,,,,,
01000,話をしよう,(はなしをしよう|ざつだん|なにかはなそう|わだい),,,いいね。お話しよっか！話したいことはない？例えば……,,,,,4,1,Normal,,,Random,,0,0,false,,10,false,,,false,0,,,,,,,,,,,,,,
01000,話をしよう,(はなしをしよう|ざつだん|なにかはなそう|わだい),,,猫にまつわる言葉って、どんなのがある？,,,,,4,2,Choice,TeachingMode:Confirm:CatExpression,,Random,,0,0,false,,10,false,,,false,0,,,,教える,,,また今度,,,,,,,
01000,話をしよう,(はなしをしよう|ざつだん|なにかはなそう|わだい),,,いいね。お話しよっか！話したいことはない？例えば……,,,,,5,1,Normal,,,Random,,0,0,false,,10,false,,,false,0,,,,,,,,,,,,,,
01000,話をしよう,(はなしをしよう|ざつだん|なにかはなそう|わだい),,,好きな天気を教えて！きしょう？の事でもいいよ！,,,,,5,2,Choice,TeachingMode:Confirm:FavoriteWeather,,Random,,0,0,false,,10,false,,,false,0,,,,教える,,,また今度,,,,,,,
01000,話をしよう,(はなしをしよう|ざつだん|なにかはなそう|わだい),,,いいね。お話しよっか！話したいことはない？例えば……,,,,,6,1,Normal,,,Random,,0,0,false,,10,false,,,false,0,,,,,,,,,,,,,,
01000,話をしよう,(はなしをしよう|ざつだん|なにかはなそう|わだい),,,{{CAT_PRONOUN}}の身体の中で、どこが好き？,,,,,6,2,Choice,TeachingMode:Confirm:FavoritePoint,,Random,,0,0,false,,10,false,,,false,0,,,,教える,,,また今度,,,,,,,
01010,はろー,はろー,,,ハローハロー！これも挨拶だね！,,,,,1,1,Normal,,,Sequence,,0,0,false,,10,false,,,false,0,,,,,,,,,,,,,,
01020,さんきゅー,さんきゅー,,,さんきゅーって、ありがとうってこと？どう返事したらいいの？,,,,,1,1,Normal,,,Sequence,,0,0,false,,10,false,,,false,0,,,,,,,,,,,,,,
01020,さんきゅー,さんきゅー,,,ゆあうぇるかむ？おっけー！ゆあうぇるかむ！,,,,,1,2,Normal,,,Sequence,,0,0,false,,10,false,,,false,0,,,,,,,,,,,,,,
01030,ありがとう,ありがとう,,,うん？どういたしまして。かな？,,,,,1,1,Normal,,,Sequence,,0,0,false,,10,false,,,false,0,,,,,,,,,,,,,,
01030,ありがとう,ありがとう,,,{{CAT_PRONOUN}}は当たり前のことをしているだけだよ！,,,,,1,2,Normal,,,Sequence,,0,0,false,,10,false,,,false,0,,,,,,,,,,,,,,
01040,またたび,またたび,,,またたびあるの！？　……あ、無いのね。残念。,,,,,1,1,Normal,,,Sequence,,0,0,false,,10,false,,,false,0,,,,,,,,,,,,,,
01040,またたび,またたび,,,マタタビあるかはね、匂いですぐ分かるんだよー！,,,,,1,2,Normal,,,Sequence,,0,0,false,,10,false,,,false,0,,,,,,,,,,,,,,
01040,またたび,またたび,,,マタタビ！あれで遊ぶの大好き！,,,,,2,1,Normal,,,Sequence,,0,0,false,,10,false,,,false,0,,,,,,,,,,,,,,
01040,またたび,またたび,,,なんかね、マタタビを見たら身体をこすりつけたくなるんだよ！,,,,,2,2,Normal,,,Sequence,,0,0,false,,10,false,,,false,0,,,,,,,,,,,,,,
01040,またたび,またたび,,,酔っ払う……？そういうわけじゃないよ！,,,,,2,3,Normal,,,Sequence,,0,0,false,,10,false,,,false,0,,,,,,,,,,,,,,
01050,のどかわいてる？,のど(かわいてる|かわいてない),,,{{CAT_PRONOUN}}は平気だよ。昨日も飲んだし。,,,,,1,1,Normal,,,Sequence,,0,0,false,,10,false,,,false,0,,,,,,,,,,,,,,
01050,のどかわいてる？,のど(かわいてる|かわいてない),,,ん？今日だっけ？昨日の前だっけ？,,,,,1,2,Normal,,,Sequence,,0,0,false,,10,false,,,false,0,,,,,,,,,,,,,,
01050,のどかわいてる？,のど(かわいてる|かわいてない),,,いつも気が向いたら飲むから、あまり気にしてないなぁ。,,,,,1,3,Normal,,,Sequence,,0,0,false,,10,false,,,false,0,,,,,,,,,,,,,,
01060,まほう,まほう,,,魔法？ええっと、妖術は魔法とは少し違うみたい。,,,,,1,1,Normal,,,Sequence,,0,0,false,,10,false,,,false,0,,,,,,,,,,,,,,
01060,まほう,まほう,,,どちらも、不思議なことが起こるのは変わらないけどね。,,,,,1,2,Normal,,,Sequence,,0,0,false,,10,false,,,false,0,,,,,,,,,,,,,,
01070,ようじゅつ,ようじゅつ,,,お、{{CAT_PRONOUN}}の妖術に興味があるの？,,,,,1,1,Normal,,,Sequence,,0,0,false,,10,false,,,false,0,,,,,,,,,,,,,,
01070,ようじゅつ,ようじゅつ,,,……まあ、そうは言ったけど、使える術なんてほとんど無いんだよね。たくさん修行しなくちゃ使えるようにならないんだってさ。,,,,,1,2,Normal,,,Sequence,,0,0,false,,10,false,,,false,0,,,,,,,,,,,,,,
01070,ようじゅつ,ようじゅつ,,,……{{PLAYER_CALLING}}のことを縮めたのも、何回も復活できるようにしたのも妖術の力なんだけど、あれ以来使い方がさっぱりわからないんだよね。,,,,,1,3,Normal,,,Sequence,,0,0,false,,10,false,,,false,0,,,,,,,,,,,,,,
01070,ようじゅつ,ようじゅつ,,,修行するつもりは無いよ。{{PLAYER_CALLING}}と離れたくはないからね！,,,,,1,4,Normal,,,Sequence,,0,0,false,,10,false,,,false,0,,,,,,,,,,,,,,
01080,おなかすいてる？,(おなかすい(てる|た(ん)?|てます)|くうふく(だ)?)(？|よね)?,,,{{CAT_PRONOUN}}のおなか？まだ大丈夫だよ！,,,,hungry_by_time,1,1,Normal,,Morning,Random,,0,0,false,,10,false,,,false,0,,,,,,,,,,,,,,
01080,おなかすいてる？,(おなかすい(てる|た(ん)?|てます)|くうふく(だ)?)(？|よね)?,,,お昼になったら{{PLAYER_CALLING}}といっしょに食べようかな！,,,,hungry_by_time,1,2,Normal,,Morning,Random,,0,0,false,,10,false,,,false,0,,,,,,,,,,,,,,
01080,おなかすいてる？,(おなかすい(てる|た(ん)?|てます)|くうふく(だ)?)(？|よね)?,,,うん！おなかすいてる！一緒にご飯食べよ！,,,,hungry_by_time,2,1,Normal,,Day,Random,,0,0,false,,10,false,,,false,0,,,,,,,,,,,,,,
01080,おなかすいてる？,(おなかすい(てる|た(ん)?|てます)|くうふく(だ)?)(？|よね)?,,,ううん。まだお腹にごはんが残ってるよ。,,,,hungry_by_time,3,1,Normal,,Evening,Random,,0,0,false,,10,false,,,false,0,,,,,,,,,,,,,,
01080,おなかすいてる？,(おなかすい(てる|た(ん)?|てます)|くうふく(だ)?)(？|よね)?,,,食べようと思えば食べられるけど……{{PLAYER_CALLING}}はもうお腹すいたの？おかわりする？,,,,hungry_by_time,3,2,Normal,,Evening,Random,,0,0,false,,10,false,,,false,0,,,,,,,,,,,,,,
01090,ラングドシャ,らんぐどしゃ,,,ラングドシャって何？,,,,,1,0,Normal,,,Sequence,,0,0,false,,10,false,,,false,0,,,,,,,,,,,,,,
01090,ラングドシャ,らんぐどしゃ,,,お菓子の名前で、日本語にすると「猫の舌」って意味なんだ！なんで猫の舌なの？,,,,,1,1,Normal,,,Sequence,,0,0,false,,10,false,,,false,0,,,,,,,,,,,,,,
01090,ラングドシャ,らんぐどしゃ,,,そのまま、形が猫の舌みたいだからなんだ！,,,,,1,2,Normal,,,Sequence,,0,0,false,,10,false,,,false,0,,,,,,,,,,,,,,
01090,ラングドシャ,らんぐどしゃ,,,……え？でも日本だと四角いラングドシャが主流なの？{{CAT_PRONOUN}}の舌は四角くないよ！！,,,,,1,3,Normal,,,Sequence,,0,0,false,,10,false,,,false,0,,,,,,,,,,,,,,
01100,にんげん,にんげん,,,{{CAT_PRONOUN}}は猫で、{{PLAYER_CALLING}}は人間。それがどうかしたの？,,,,,1,1,Normal,,,Sequence,,0,0,false,,10,false,,,false,0,,,,,,,,,,,,,,
01110,ケモナー,けもなー,,,ケモナーって何？,,,,,1,1,Normal,,,Sequence,,0,0,false,,10,false,,,false,0,,,,,,,,,,,,,,
01110,ケモナー,けもなー,,,動物キャラクターが好きな人達のこと？じゃあ良い人たちだ！,,,,,1,2,Normal,,,Sequence,,0,0,false,,10,false,,,false,0,,,,,,,,,,,,,,
01110,ケモナー,けもなー,,,じゃあ{{CAT_PRONOUN}}のことが好きな{{PLAYER_CALLING}}もケモナー？,,,,,1,3,Normal,,,Sequence,,0,0,false,,10,false,,,false,0,,,,,,,,,,,,,,
01110,ケモナー,けもなー,,,普通の猫好きとは一緒にしちゃいけないの？……わ、わかった。,,,,,1,4,Normal,,,Sequence,,0,0,false,,10,false,,,false,0,,,,,,,,,,,,,,
01120,吉祥,(さくしゃ|やくもきっしょう|きっしょう),,,きっしょ？え？悪口言った？,,,,,1,1,Normal,,,Sequence,,0,0,false,,10,false,,,false,0,,,,,,,,,,,,,,
01121,作者,さくしゃ,,,作者？なにそれ？,,,,,2,1,Normal,,,Sequence,,0,0,false,,10,false,,,false,0,,,,,,,,,,,,,,
01130,名前,(なまえ)は？,,,ん？{{CAT_PRONOUN}}の名前？,,,,,1,1,Normal,,,Sequence,,0,0,false,,10,false,,,false,0,,,,,,,,,,,,,,
01130,名前,(なまえ)は？,,,{{PLAYER_CALLING}}が付けてくれた名前、{{CAT_NAME}}だよ！,,,,,1,2,Normal,,,Sequence,,0,0,false,,10,false,,,false,0,,,,,,,,,,,,,,
01140,入浴,(お)?(ふろ|にゅうよく|しゃわー|からだ(を)?あら(い|う)),,,体を綺麗にしたいの？,,,,,1,1,Choice,,,Random,,0,0,false,,10,false,2,99,false,0,,,,,,,,,,2,99,,,
01140,入浴,(お)?(ふろ|にゅうよく|しゃわー|からだ(を)?あら(い|う)),,,任せて！お風呂場まで連れて行ってあげる！,,,,,2,1,Normal,event_bath_time,,Random,,0,0,false,,10,true,,,false,0,,,,,,,,,,,,,,
01140,入浴,(お)?(ふろ|にゅうよく|しゃわー|からだ(を)?あら(い|う)),,,あれ？いいの？まあ{{CAT_PRONOUN}}も毛が濡れちゃうし。また今度ね。,,,,,99,1,Normal,,,Random,,0,0,false,,10,true,,,false,0,,,,,,,,,,,,,,
01150,あくび,あくび,,,あくび？それがどうかしたの？,,,,,1,1,Normal,,,Sequence,,0,0,false,,10,false,,,false,0,,,,,,,,,,,,,,
01150,あくび,あくび,,,あくびを見せて欲しいの？　うーん、わざとあくびするのって難しいな。,,,,,1,2,Normal,,,Sequence,,0,0,false,,10,false,,,false,0,,,,,,,,,,,,,,
01150,あくび,あくび,,,{{CAT_PRONOUN}}はしたい時にあくびするからさ。その時に見ててよね。,,,,,1,3,Normal,,,Sequence,,0,0,false,,10,false,,,false,0,,,,,,,,,,,,,,
01160,猫又,ねこまた,,,はい！猫又だよ！,,,,,1,1,Normal,,,Random,,0,0,false,,10,false,,,false,0,,,,,,,,,,,,,,
01160,猫又,ねこまた,,,尻尾が二本に割れてる猫のことだよね！,,,,,1,2,Normal,,,Random,,0,0,false,,10,false,,,false,0,,,,,,,,,,,,,,
01160,猫又,ねこまた,,,{{CAT_PRONOUN}}の他にも、猫又の先輩は居るはずだよ！,,,,,1,3,Normal,,,Random,,0,0,false,,10,false,,,false,0,,,,,,,,,,,,,,
01160,猫又,ねこまた,,,ん？{{CAT_PRONOUN}}のこと呼んでるの？,,,,,2,1,Normal,,,Random,,0,0,false,,10,false,,,false,0,,,,,,,,,,,,,,
01160,猫又,ねこまた,,,猫又の{{CAT_NAME}}参上！どう？かっこいいかな？,,,,,2,2,Normal,,,Random,,0,0,false,,10,false,,,false,0,,,,,,,,,,,,,,
01170,化け猫,ばねけこ,,,うん。化け猫だよ！たべちゃうぞー！,,,,,1,1,Normal,,,Random,,0,0,false,,10,false,,,false,0,,,,,,,,,,,,,,
01170,化け猫,ばねけこ,,,……いや、そんなことしないよ！{{CAT_PRONOUN}}は{{PLAYER_CALLING}}を守る化け猫だからね！,,,,,1,2,Normal,,,Random,,0,0,false,,10,false,,,false,0,,,,,,,,,,,,,,
01170,化け猫,ばねけこ,,,それって、{{CAT_PRONOUN}}のこと？,,,,,2,1,Normal,,,Random,,0,0,false,,10,false,,,false,0,,,,,,,,,,,,,,
01170,化け猫,ばねけこ,,,まだ不思議なことは何もできないけど、{{PLAYER_CALLING}}を守ることはできるよ！,,,,,2,2,Normal,,,Random,,0,0,false,,10,false,,,false,0,,,,,,,,,,,,,,
01180,妖怪,ようかい,,,{{CAT_PRONOUN}}のこと？{{CAT_PRONOUN}}は妖怪だけど、{{CAT_PRONOUN}}以外の妖怪は全く知らないんだよね。,,,,,1,1,Normal,,,Random,,0,0,false,,10,false,,,false,0,,,,,,,,,,,,,,
01180,妖怪,ようかい,,,{{CAT_PRONOUN}}のこと？妖怪と怪異ってどう違うんだろうね？,,,,,1,2,Normal,,,Random,,0,0,false,,10,false,,,false,0,,,,,,,,,,,,,,
01190,元気？,(げんき|ちょうし|きぶん|たいちょう)(は)?(わるくない？|いい？|どう|いかが),,,うん。{{CAT_PRONOUN}}はすごく元気だよ！特に困ったこともないと思う！,,,,,1,1,Normal,,,Random,,0,0,false,,10,false,,,false,0,,,,,,,,,,,,,,
01190,元気？,(げんき|ちょうし|きぶん|たいちょう)(は)?(わるくない？|いい？|どう|いかが),,,{{PLAYER_CALLING}}はどう？{{CAT_PRONOUN}}にできることがあったら言ってね！,,,,,1,2,Normal,,,Random,,0,0,false,,10,false,,,false,0,,,,,,,,,,,,,,
01200,おーい,(おーい|やっほー),,,うん？呼んだ？{{CAT_PRONOUN}}はここにいるよ？,,,,,1,1,Normal,,,Random,,0,0,false,,10,false,,,false,0,,,,,,,,,,,,,,
01200,おーい,(おーい|やっほー),,,何かやりたいことがあるの？{{CAT_PRONOUN}}に言ってみてね。,,,,,1,2,Normal,,,Random,,0,0,false,,10,false,,,false,0,,,,,,,,,,,,,,
01210,ふんで,(ふんで|ふみつけて|つぶして),,,ふ、踏まれたいの……？本当に？,,,,,1,1,Normal,,,Sequence,,0,0,false,,10,false,,,false,0,,,,,,,,,,,,,,
01210,ふんで,(ふんで|ふみつけて|つぶして),,,危ないよ？{{PLAYER_CALLING}}はちっちゃいんだから！,,,,,1,2,Normal,,,Sequence,,0,0,false,,10,false,,,false,0,,,,,,,,,,,,,,
01210,ふんで,(ふんで|ふみつけて|つぶして),,,いやいや、{{CAT_PRONOUN}}に踏まれたらどうなっちゃうか分かってる？,,,,,2,1,Normal,,,Sequence,,0,0,false,,10,false,,,false,0,,,,,,,,,,,,,,
01210,ふんで,(ふんで|ふみつけて|つぶして),,,……もしかして、昔{{CAT_PRONOUN}}が{{PLAYER_CALLING}}の上にしつこく乗ったことを怒ってる……？,,,,,2,2,Normal,,,Sequence,,0,0,false,,10,false,,,false,0,,,,,,,,,,,,,,
01210,ふんで,(ふんで|ふみつけて|つぶして),,,あ、喜んでたの？だから踏まれたいの？,,,,,3,1,Normal,,,Sequence,sadistic,1,0,false,,10,false,,,false,0,,,,,,,,,,,,,,
01210,ふんで,(ふんで|ふみつけて|つぶして),,,わぁ……でも、今の{{CAT_PRONOUN}}がそんなことをするわけにはいかないよ。流石に！,,,,,3,2,Normal,,,Sequence,sadistic,1,0,false,,10,false,,,false,0,,,,,,,,,,,,,,
01210,ふんで,(ふんで|ふみつけて|つぶして),,,熱心すぎるでしょ……わかったわかった。,,,,,4,1,Normal,,,Sequence,sadistic,2,0,false,,10,false,,,false,0,,,,,,,,,,,,,,
01210,ふんで,(ふんで|ふみつけて|つぶして),,,前足を乗せるくらいでいい？いくよ？,,,,,4,2,Action,action_paw_press,,Sequence,sadistic,2,0,false,,10,false,,,false,0,,,,,,,,,,,,,,
01210,ふんで,(ふんで|ふみつけて|つぶして),,,もっと踏まれたいの！？本当に好きなんだね……,,,,,5,1,Normal,,,Sequence,sadistic,3,0,false,,10,false,,,true,0,,,,,,,,,,,,,,
01210,ふんで,(ふんで|ふみつけて|つぶして),,,まあ{{PLAYER_CALLING}}が喜ぶわけだし、踏んであげるね！,,,,,5,2,Event,death:press,,Sequence,sadistic,3,0,false,,10,false,,,true,0,,,,,,,,,,,,,action_paw_press_death_result,6
01210,ふんで,(ふんで|ふみつけて|つぶして),,,あ、気がついた！よかった……。,,,,,6,1,Event,,,Sequence,,0,0,false,,10,false,,,false,0,,,,,,,,,,,,,,
01210,ふんで,(ふんで|ふみつけて|つぶして),,,ちょっと体重をかけただけで、ぺちゃんこになっちゃった。ごめんね……。,,,,,6,2,Event,,,Sequence,,0,0,false,,10,true,,,false,0,,,,,,,,,,,,,,
01220,自己紹介,じこしょうかい,,,自己紹介？どうしたの改まって。まあいいけど。,,,,self_introduction,1,1,Normal,,,,,0,0,false,,10,false,,,false,0,,,,,,,,,,,,,,
01220,自己紹介,じこしょうかい,,,{{CAT_PRONOUN}}は{{CAT_NAME}}。{{PLAYER_CALLING}}の飼い猫だよ。,,,,self_introduction,1,2,Normal,,,,,0,0,false,,10,false,,,false,0,,,,,,,,,,,,,,
01220,自己紹介,じこしょうかい,,,今は猫又になって、{{PLAYER_CALLING}}を守る役割をしてるよ！,,,,self_introduction,1,3,Normal,,,,,0,0,false,,10,false,,,false,0,,,,,,,,,,,,,,
01220,自己紹介,じこしょうかい,,,……これでいいかな？,,,,self_introduction,1,4,Normal,,,,,0,0,false,,10,false,,,false,0,,,,,,,,,,,,,,
01220,自己紹介,じこしょうかい,,,もっと自己紹介するの？,,,,self_introduction,2,1,Normal,,,,,0,0,false,,10,false,,,false,0,,,,,,,,,,,,,,
01220,自己紹介,じこしょうかい,,,じゃあ……好きなものは{{PLAYER_CALLING}}とお魚！苦手なものは車と洋服！,,,,self_introduction,2,2,Normal,,,,,0,0,false,,10,false,,,false,0,,,,,,,,,,,,,,
01220,自己紹介,じこしょうかい,,,得意なこと……{{PLAYER_CALLING}}を守ること！これでいい？,,,,self_introduction,2,3,Normal,,,,,0,0,false,,10,false,,,false,0,,,,,,,,,,,,,,
01230,散歩,さんぽ,,,散歩したいの？この家の中ならいいよ！今から行く？,,,,walk,1,1,Choice,,,,,0,0,false,,10,false,,,false,0,,,,,,,,,,,,,,
01240,強いの？,つよいの,,,{{CAT_PRONOUN}}が強いかって？どうなんだろ。,,,,strong,1,1,Normal,,,,,0,0,false,,10,false,,,false,0,,,,,,,,,,,,,,
01240,強いの？,つよいの,,,他の猫とは喧嘩したことないし、あんまり強くないんじゃないかな。,,,,strong,1,2,Normal,,,,,0,0,false,,10,false,,,false,0,,,,,,,,,,,,,,
01240,強いの？,つよいの,,,それに、猫又にもなりたてだし、妖怪のなかでも弱いと思う！,,,,strong,1,3,Normal,,,,,0,0,false,,10,false,,,false,0,,,,,,,,,,,,,,
01240,強いの？,つよいの,,,……{{PLAYER_CALLING}}には強いけどね！,,,,strong,1,4,Normal,,,,,0,0,false,,10,false,,,false,0,,,,,,,,,,,,,,
01250,ドライ,どらい,,,ドライって何？,,,,dry_food,1,1,Normal,,,,,0,0,false,,10,false,,,false,0,,,,,,,,,,,,,,
01250,ドライ,どらい,,,あ、いつも食べてるご飯のこと？美味しいよね！毎日でも飽きないよ！,,,,dry_food,1,2,Normal,,,,,0,0,false,,10,false,,,false,0,,,,,,,,,,,,,,
01260,カリカリ,かりかり,,,カリカリって何？,,,,karikari_food,1,1,Normal,,,,,0,0,false,,10,false,,,false,0,,,,,,,,,,,,,,
01260,カリカリ,かりかり,,,あ、いつも食べてるご飯のこと？美味しいよね！毎日でも飽きないよ！,,,,karikari_food,1,2,Normal,,,,,0,0,false,,10,false,,,false,0,,,,,,,,,,,,,,
01270,ウェット,うぇっと,,,ウェットって何？,,,,wet_food,1,1,Normal,,,,,0,0,false,,10,false,,,false,0,,,,,,,,,,,,,,
01270,ウェット,うぇっと,,,あ、缶詰とか袋とかに入ってる、柔らかいご飯のことか！,,,,wet_food,1,2,Normal,,,,,0,0,false,,10,false,,,false,0,,,,,,,,,,,,,,
01270,ウェット,うぇっと,,,あれも美味しいけど、どちらかというとカリカリのほうが好みかなー！,,,,wet_food,1,3,Normal,,,,,0,0,false,,10,false,,,false,0,,,,,,,,,,,,,,
01280,運動,うんどう,,,{{PLAYER_CALLING}}が運動したいの？,,,,exercise,1,1,Normal,,,,,0,0,false,,10,false,,,false,0,,,,,,,,,,,,,,
01280,運動,うんどう,,,じゃあ、一緒に追いかけっこでもする？,,,,exercise,1,2,Choice,action_gameoftag_play_result,,,,0,0,false,,10,false,chase,,false,0,,,,,,,,,,,,,,
01290,ごきげんよう,ごきげんよう,,,うん、機嫌良いよ！,,,,greeting_gokigenyou,1,1,Normal,,,,,0,0,false,,10,false,,,false,0,,,,,,,,,,,,,,
01290,ごきげんよう,ごきげんよう,,,あ、これもあいさつなんだね！,,,,greeting_gokigenyou,1,2,Normal,,,,,0,0,false,,10,false,,,false,0,,,,,,,,,,,,,,
01290,ごきげんよう,ごきげんよう,,,じゃあ、ごきげんよう！,,,,greeting_gokigenyou,1,3,Normal,,,,,0,0,false,,10,false,,,false,0,,,,,,,,,,,,,,
01290,ごきげんよう,ごきげんよう,,,優雅なあいさつだ！ごきげんよう！,,,,greeting_gokigenyou,2,1,Normal,,,,,0,0,false,,10,false,,,false,0,,,,,,,,,,,,,,
01300,じゃんけん,じゃんけん,,,じゃんけんって何？,,,,janken,1,0,Choice,,,,,0,0,false,,10,false,janken_teach_yes,janken_teach_no,false,0,,,,,,,,,,,,,,
01300,じゃんけん,じゃんけん,,,グーチョキパーの手の形で勝負を決める遊び？面白そう！遊び方を教えてくれる？,,,,janken_teach_yes,1,1,Normal,janken_teach_event,,,,0,0,false,,10,false,,,false,0,,,,,,,,,,,,,,
01300,じゃんけん,じゃんけん,,,あれ？やめちゃうの？また今度教えてね！,,,,janken_teach_no,2,1,Normal,,,,,0,0,false,,10,false,,,false,0,,,,,,,,,,,,,,
01300,じゃんけん,じゃんけん,,,じゃんけんね！またチョキを出す練習に付き合ってくれる？,,,,janken_second,3,2,Choice,,,,,0,0,false,,10,false,janken_teach_second_yes,janken_teach_no_second,false,0,,,,,,,,,,,,,,
01300,じゃんけん,じゃんけん,,,,,,,janken_teach_second_yes,4,3,Normal,janken_teach_second_event,,,,0,0,false,,10,false,,,false,0,,,,,,,,,,,,,,
01300,じゃんけん,じゃんけん,,,あれ？やめちゃうの？また今度練習に付き合ってね！,,,,janken_teach_no_second,6,3,Normal,,,,,0,0,false,,10,false,,,false,0,,,,,,,,,,,,,,
01310,歯磨きしてあげる,はみがきしてあげる,,,歯磨きしてくれるの？どうやって？今の{{PLAYER_CALLING}}じゃ、歯を磨く道具も持ち上げられないよ？,,,,dental_help,1,0,Normal,,,,,0,0,false,,10,false,,,false,0,,,,,,,,,,,,,,
01310,歯磨きしてあげる,はみがきしてあげる,,,どうやってやるのか考えてみてね。そもそも{{CAT_PRONOUN}}は歯磨きなんてしなくて平気だし！,,,,dental_help,1,1,Normal,,,,,0,0,false,,10,false,,,false,0,,,,,,,,,,,,,,
01311,歯磨きして,はみがきして,,,{{PLAYER_CALLING}}の歯磨き？そっか。それも{{CAT_PRONOUN}}がやってあげないといけないね……,,,,dental,2,0,Normal,,,,,0,0,false,,10,false,,,false,0,,,,,,,,,,,,,,
01311,歯磨きして,はみがきして,,,どうしよっか？口を開けてもらって、{{CAT_PRONOUN}}が歯を舐めてあげるのはどう？,,,,dental,2,1,Normal,,,,,0,0,false,,10,false,,,false,0,,,,,,,,,,,,,,
